sample_idx,router_id,x,y,injected,ejected,received_total,sent_total,stored_total,buffer_occupancy_norm
0,0,0,0,29,26,72,69,2,0.0125
0,1,1,0,30,25,94,90,3,0.01875
0,2,2,0,32,29,106,100,6,0.0375
0,3,3,0,33,24,73,68,5,0.03125
0,4,0,1,23,25,95,90,2,0.0125
0,5,1,1,25,26,106,102,4,0.025
0,6,2,1,36,21,112,112,0,0.0
0,7,3,1,25,26,87,84,2,0.0125
0,8,0,2,32,25,100,97,1,0.00625
0,9,1,2,34,23,117,109,6,0.0375
0,10,2,2,33,23,127,119,6,0.0375
0,11,3,2,24,15,86,83,2,0.0125
0,12,0,3,23,22,59,59,0,0.0
0,13,1,3,35,14,87,83,2,0.0125
0,14,2,3,31,22,96,92,3,0.01875
0,15,3,3,29,24,64,62,1,0.00625
1,0,0,0,31,27,80,77,5,0.03125
1,1,1,0,29,29,114,111,5,0.03125
1,2,2,0,25,29,101,101,6,0.0375
1,3,3,0,29,26,61,62,4,0.025
1,4,0,1,27,27,103,100,6,0.0375
1,5,1,1,24,31,132,130,4,0.025
1,6,2,1,33,25,125,121,2,0.0125
1,7,3,1,25,20,83,83,0,0.0
1,8,0,2,23,29,94,96,1,0.00625
1,9,1,2,23,27,126,129,4,0.025
1,10,2,2,29,31,124,129,2,0.0125
1,11,3,2,31,28,102,102,2,0.0125
1,12,0,3,32,33,71,70,1,0.00625
1,13,1,3,25,33,94,94,3,0.01875
1,14,2,3,24,18,87,88,2,0.0125
1,15,3,3,25,24,69,68,1,0.00625
2,0,0,0,22,23,71,72,3,0.01875
2,1,1,0,34,24,103,106,3,0.01875
2,2,2,0,33,29,108,108,6,0.0375
2,3,3,0,33,22,70,70,4,0.025
2,4,0,1,33,39,112,116,4,0.025
2,5,1,1,31,25,118,122,1,0.00625
2,6,2,1,30,32,133,130,7,0.04375
2,7,3,1,32,37,109,108,3,0.01875
2,8,0,2,33,31,114,108,5,0.03125
2,9,1,2,28,29,129,128,3,0.01875
2,10,2,2,31,26,128,129,0,0.0
2,11,3,2,19,31,102,101,3,0.01875
2,12,0,3,21,29,64,65,0,0.0
2,13,1,3,28,23,89,91,0,0.0
2,14,2,3,31,25,92,95,0,0.0
2,15,3,3,23,35,66,67,1,0.00625
3,0,0,0,37,27,78,77,5,0.03125
3,1,1,0,33,33,109,112,1,0.00625
3,2,2,0,29,27,100,104,2,0.0125
3,3,3,0,23,28,70,70,2,0.0125
3,4,0,1,30,22,107,108,2,0.0125
3,5,1,1,35,30,142,141,3,0.01875
3,6,2,1,29,35,125,127,5,0.03125
3,7,3,1,29,32,110,110,4,0.025
3,8,0,2,22,38,106,108,3,0.01875
3,9,1,2,34,29,135,135,5,0.03125
3,10,2,2,26,27,125,124,1,0.00625
3,11,3,2,32,35,113,114,1,0.00625
3,12,0,3,29,34,80,79,0,0.0
3,13,1,3,37,32,111,109,2,0.0125
3,14,2,3,31,31,111,110,1,0.00625
3,15,3,3,33,32,84,85,1,0.00625
4,0,0,0,31,32,82,86,1,0.00625
4,1,1,0,22,31,103,101,3,0.01875
4,2,2,0,31,26,110,109,1,0.00625
4,3,3,0,38,31,94,95,2,0.0125
4,4,0,1,26,25,99,98,2,0.0125
4,5,1,1,25,23,108,108,1,0.00625
4,6,2,1,33,26,123,127,1,0.00625
4,7,3,1,34,35,121,122,2,0.0125
4,8,0,2,28,33,98,101,1,0.00625
4,9,1,2,30,26,121,124,1,0.00625
4,10,2,2,29,34,137,139,1,0.00625
4,11,3,2,33,35,130,132,1,0.00625
4,12,0,3,21,34,67,67,1,0.00625
4,13,1,3,26,35,101,102,2,0.0125
4,14,2,3,31,28,108,107,2,0.0125
4,15,3,3,38,38,98,96,1,0.00625
5,0,0,0,32,32,79,81,0,0.0
5,1,1,0,37,27,104,104,1,0.00625
5,2,2,0,26,32,107,107,1,0.00625
5,3,3,0,37,32,75,75,2,0.0125
5,4,0,1,24,22,92,95,0,0.0
5,5,1,1,28,28,115,117,0,0.0
5,6,2,1,20,38,121,121,1,0.00625
5,7,3,1,20,29,87,89,1,0.00625
5,8,0,2,30,22,99,99,1,0.00625
5,9,1,2,21,21,118,119,1,0.00625
5,10,2,2,31,30,134,132,1,0.00625
5,11,3,2,34,34,109,105,4,0.025
5,12,0,3,39,35,88,85,2,0.0125
5,13,1,3,31,37,112,113,1,0.00625
5,14,2,3,28,24,103,100,3,0.01875
5,15,3,3,32,27,76,77,2,0.0125
6,0,0,0,28,33,68,68,0,0.0
6,1,1,0,34,29,103,105,1,0.00625
6,2,2,0,31,39,115,118,0,0.0
6,3,3,0,26,31,69,72,0,0.0
6,4,0,1,27,25,94,94,1,0.00625
6,5,1,1,27,32,123,121,2,0.0125
6,6,2,1,29,34,144,139,3,0.01875
6,7,3,1,32,32,100,99,1,0.00625
6,8,0,2,25,28,102,102,1,0.00625
6,9,1,2,31,34,133,129,4,0.025
6,10,2,2,26,27,139,138,3,0.01875
6,11,3,2,37,23,92,95,1,0.00625
6,12,0,3,33,24,74,77,1,0.00625
6,13,1,3,25,22,98,97,2,0.0125
6,14,2,3,24,28,103,108,0,0.0
6,15,3,3,31,24,63,65,0,0.0
7,0,0,0,29,31,79,75,3,0.01875
7,1,1,0,29,30,96,92,4,0.025
7,2,2,0,32,33,99,97,0,0.0
7,3,3,0,29,32,76,74,2,0.0125
7,4,0,1,33,27,109,105,4,0.025
7,5,1,1,32,28,135,133,4,0.025
7,6,2,1,29,39,137,140,1,0.00625
7,7,3,1,28,22,101,99,2,0.0125
7,8,0,2,33,36,106,104,3,0.01875
7,9,1,2,26,24,125,129,2,0.0125
7,10,2,2,40,29,145,143,5,0.03125
7,11,3,2,34,32,107,108,1,0.00625
7,12,0,3,29,30,71,72,0,0.0
7,13,1,3,29,24,101,101,1,0.00625
7,14,2,3,32,32,116,111,4,0.025
7,15,3,3,27,29,75,73,1,0.00625
8,0,0,0,37,28,83,84,2,0.0125
8,1,1,0,31,33,119,121,2,0.0125
8,2,2,0,32,26,118,117,3,0.01875
8,3,3,0,29,31,83,80,3,0.01875
8,4,0,1,33,23,107,111,1,0.00625
8,5,1,1,27,34,148,147,4,0.025
8,6,2,1,38,37,150,149,2,0.0125
8,7,3,1,37,33,109,108,5,0.03125
8,8,0,2,27,38,112,113,1,0.00625
8,9,1,2,30,29,143,141,4,0.025
8,10,2,2,27,33,131,135,1,0.00625
8,11,3,2,31,36,104,104,1,0.00625
8,12,0,3,35,32,80,77,2,0.0125
8,13,1,3,32,34,105,105,2,0.0125
8,14,2,3,27,28,95,98,0,0.0
8,15,3,3,28,30,77,77,1,0.00625
9,0,0,0,35,26,73,75,0,0.0
9,1,1,0,27,29,97,96,2,0.0125
9,2,2,0,33,30,108,107,3,0.01875
9,3,3,0,27,35,81,83,1,0.00625
9,4,0,1,32,28,100,98,1,0.00625
9,5,1,1,27,26,126,130,1,0.00625
9,6,2,1,30,28,138,135,4,0.025
9,7,3,1,29,40,114,116,3,0.01875
9,8,0,2,31,27,97,96,3,0.01875
9,9,1,2,28,32,131,128,6,0.0375
9,10,2,2,25,24,123,121,2,0.0125
9,11,3,2,29,18,99,96,2,0.0125
9,12,0,3,34,32,77,77,2,0.0125
9,13,1,3,20,25,99,100,1,0.00625
9,14,2,3,24,32,101,101,2,0.0125
9,15,3,3,31,35,75,76,1,0.00625
10,0,0,0,37,23,76,73,2,0.0125
10,1,1,0,27,38,115,116,1,0.00625
10,2,2,0,33,30,110,111,3,0.01875
10,3,3,0,32,36,76,79,0,0.0
10,4,0,1,19,25,86,87,1,0.00625
10,5,1,1,34,34,149,143,5,0.03125
10,6,2,1,35,23,142,142,6,0.0375
10,7,3,1,34,26,106,104,4,0.025
10,8,0,2,33,34,103,103,3,0.01875
10,9,1,2,32,21,128,133,0,0.0
10,10,2,2,24,26,135,138,1,0.00625
10,11,3,2,22,35,107,107,2,0.0125
10,12,0,3,30,31,76,79,0,0.0
10,13,1,3,34,27,110,108,3,0.01875
10,14,2,3,23,38,116,114,2,0.0125
10,15,3,3,33,30,77,77,1,0.00625
11,0,0,0,30,35,76,80,0,0.0
11,1,1,0,37,36,113,114,1,0.00625
11,2,2,0,20,21,90,92,0,0.0
11,3,3,0,34,30,78,77,1,0.00625
11,4,0,1,37,31,114,112,4,0.025
11,5,1,1,33,26,139,143,4,0.025
11,6,2,1,34,25,133,135,3,0.01875
11,7,3,1,20,42,105,106,1,0.00625
11,8,0,2,24,21,86,86,4,0.025
11,9,1,2,34,31,125,124,1,0.00625
11,10,2,2,21,27,115,113,2,0.0125
11,11,3,2,20,29,90,93,0,0.0
11,12,0,3,25,23,61,61,0,0.0
11,13,1,3,30,27,96,96,2,0.0125
11,14,2,3,28,34,102,103,3,0.01875
11,15,3,3,28,30,76,76,1,0.00625
12,0,0,0,32,31,72,69,1,0.00625
12,1,1,0,27,29,100,101,0,0.0
12,2,2,0,29,29,97,97,0,0.0
12,3,3,0,22,36,68,68,0,0.0
12,4,0,1,28,22,85,86,3,0.01875
12,5,1,1,28,30,132,132,2,0.0125
12,6,2,1,32,27,127,132,0,0.0
12,7,3,1,33,28,105,107,0,0.0
12,8,0,2,31,33,95,98,1,0.00625
12,9,1,2,27,38,121,120,4,0.025
12,10,2,2,31,34,120,120,1,0.00625
12,11,3,2,26,31,105,103,2,0.0125
12,12,0,3,31,36,85,83,1,0.00625
12,13,1,3,34,18,97,98,2,0.0125
12,14,2,3,25,25,95,95,1,0.00625
12,15,3,3,31,29,77,75,2,0.0125
13,0,0,0,27,32,72,75,0,0.0
13,1,1,0,23,29,101,101,1,0.00625
13,2,2,0,32,35,108,104,3,0.01875
13,3,3,0,32,22,75,71,3,0.01875
13,4,0,1,32,29,96,97,1,0.00625
13,5,1,1,23,28,127,126,5,0.03125
13,6,2,1,31,28,125,117,7,0.04375
13,7,3,1,27,32,104,103,1,0.00625
13,8,0,2,27,36,103,100,3,0.01875
13,9,1,2,31,29,138,138,3,0.01875
13,10,2,2,33,26,122,121,4,0.025
13,11,3,2,31,27,97,98,2,0.0125
13,12,0,3,29,22,70,70,2,0.0125
13,13,1,3,33,31,113,113,2,0.0125
13,14,2,3,30,22,100,102,0,0.0
13,15,3,3,35,29,78,79,1,0.00625
14,0,0,0,32,28,77,74,1,0.00625
14,1,1,0,27,26,102,100,2,0.0125
14,2,2,0,26,34,107,107,5,0.03125
14,3,3,0,38,36,76,78,1,0.00625
14,4,0,1,32,25,102,102,0,0.0
14,5,1,1,28,25,122,123,3,0.01875
14,6,2,1,22,22,118,124,1,0.00625
14,7,3,1,20,24,87,87,2,0.0125
14,8,0,2,41,39,123,123,3,0.01875
14,9,1,2,25,25,140,137,5,0.03125
14,10,2,2,29,34,139,139,3,0.01875
14,11,3,2,35,30,107,106,0,0.0
14,12,0,3,35,36,88,88,2,0.0125
14,13,1,3,36,35,112,109,6,0.0375
14,14,2,3,29,30,106,105,2,0.0125
14,15,3,3,31,23,71,70,2,0.0125
15,0,0,0,30,25,78,81,0,0.0
15,1,1,0,36,34,119,118,2,0.0125
15,2,2,0,29,24,104,107,2,0.0125
15,3,3,0,27,23,72,74,1,0.00625
15,4,0,1,38,29,114,110,5,0.03125
15,5,1,1,32,30,149,147,4,0.025
15,6,2,1,30,36,137,134,3,0.01875
15,7,3,1,27,30,107,105,3,0.01875
15,8,0,2,38,37,120,121,2,0.0125
15,9,1,2,28,30,147,146,6,0.0375
15,10,2,2,21,32,134,133,3,0.01875
15,11,3,2,37,44,127,128,2,0.0125
15,12,0,3,37,30,87,85,4,0.025
15,13,1,3,29,28,120,122,2,0.0125
15,14,2,3,30,26,114,113,2,0.0125
15,15,3,3,31,36,89,92,0,0.0
16,0,0,0,28,34,82,78,3,0.01875
16,1,1,0,27,29,97,98,1,0.00625
16,2,2,0,25,34,105,100,7,0.04375
16,3,3,0,40,28,82,80,2,0.0125
16,4,0,1,33,24,109,110,4,0.025
16,5,1,1,23,20,113,115,3,0.01875
16,6,2,1,31,19,121,126,0,0.0
16,7,3,1,25,28,100,103,1,0.00625
16,8,0,2,26,26,111,111,2,0.0125
16,9,1,2,31,31,136,141,1,0.00625
16,10,2,2,22,29,146,145,4,0.025
16,11,3,2,35,33,119,118,1,0.00625
16,12,0,3,31,41,88,89,1,0.00625
16,13,1,3,28,21,94,94,2,0.0125
16,14,2,3,28,37,106,107,1,0.00625
16,15,3,3,23,33,71,71,0,0.0
17,0,0,0,27,40,79,81,1,0.00625
17,1,1,0,36,35,115,115,1,0.00625
17,2,2,0,32,29,114,117,3,0.01875
17,3,3,0,32,44,84,86,1,0.00625
17,4,0,1,30,18,100,103,1,0.00625
17,5,1,1,24,33,126,126,3,0.01875
17,6,2,1,34,30,134,132,2,0.0125
17,7,3,1,28,28,107,106,1,0.00625
17,8,0,2,34,38,116,117,1,0.00625
17,9,1,2,26,26,138,138,2,0.0125
17,10,2,2,33,25,143,140,7,0.04375
17,11,3,2,32,32,114,113,1,0.00625
17,12,0,3,25,29,67,69,0,0.0
17,13,1,3,29,28,100,101,2,0.0125
17,14,2,3,32,29,100,100,2,0.0125
17,15,3,3,29,25,70,68,2,0.0125
18,0,0,0,34,32,80,78,2,0.0125
18,1,1,0,27,34,113,113,3,0.01875
18,2,2,0,28,41,113,116,0,0.0
18,3,3,0,32,23,73,72,1,0.00625
18,4,0,1,28,29,101,99,2,0.0125
18,5,1,1,31,29,136,137,1,0.00625
18,6,2,1,31,28,125,123,2,0.0125
18,7,3,1,30,28,96,98,1,0.00625
18,8,0,2,31,29,100,97,5,0.03125
18,9,1,2,26,31,129,128,2,0.0125
18,10,2,2,29,18,116,120,4,0.025
18,11,3,2,29,28,97,100,0,0.0
18,12,0,3,27,31,73,72,1,0.00625
18,13,1,3,25,29,98,98,2,0.0125
18,14,2,3,29,22,94,90,4,0.025
18,15,3,3,29,33,76,76,2,0.0125
19,0,0,0,25,36,72,73,1,0.00625
19,1,1,0,30,23,102,103,1,0.00625
19,2,2,0,31,19,95,95,0,0.0
19,3,3,0,29,31,74,72,2,0.0125
19,4,0,1,24,27,93,96,0,0.0
19,5,1,1,24,35,124,125,2,0.0125
19,6,2,1,28,32,119,119,3,0.01875
19,7,3,1,23,26,92,89,2,0.0125
19,8,0,2,22,24,98,103,0,0.0
19,9,1,2,27,28,138,138,3,0.01875
19,10,2,2,28,31,144,141,5,0.03125
19,11,3,2,35,37,116,113,3,0.01875
19,12,0,3,34,20,80,79,2,0.0125
19,13,1,3,31,29,117,114,4,0.025
19,14,2,3,29,33,112,113,4,0.025
19,15,3,3,35,25,77,76,1,0.00625
20,0,0,0,31,24,78,80,1,0.00625
20,1,1,0,27,30,100,101,1,0.00625
20,2,2,0,32,36,103,101,3,0.01875
20,3,3,0,22,25,66,68,2,0.0125
20,4,0,1,31,24,105,100,4,0.025
20,5,1,1,28,27,124,124,2,0.0125
20,6,2,1,35,26,135,134,3,0.01875
20,7,3,1,33,39,112,110,5,0.03125
20,8,0,2,30,29,99,98,0,0.0
20,9,1,2,27,21,116,117,3,0.01875
20,10,2,2,27,34,132,135,4,0.025
20,11,3,2,29,23,102,104,2,0.0125
20,12,0,3,24,37,73,74,1,0.00625
20,13,1,3,30,31,100,105,1,0.00625
20,14,2,3,31,30,111,114,1,0.00625
20,15,3,3,32,38,86,86,2,0.0125
21,0,0,0,34,30,78,77,2,0.0125
21,1,1,0,41,27,111,107,2,0.0125
21,2,2,0,26,28,105,102,3,0.01875
21,3,3,0,25,36,72,72,1,0.00625
21,4,0,1,24,28,92,96,1,0.00625
21,5,1,1,35,34,121,118,3,0.01875
21,6,2,1,29,26,124,127,1,0.00625
21,7,3,1,28,30,98,101,2,0.0125
21,8,0,2,33,24,99,100,0,0.0
21,9,1,2,25,24,120,119,2,0.0125
21,10,2,2,26,39,133,134,2,0.0125
21,11,3,2,31,32,97,97,2,0.0125
21,12,0,3,23,28,63,64,0,0.0
21,13,1,3,26,20,88,88,1,0.00625
21,14,2,3,25,24,100,95,5,0.03125
21,15,3,3,30,24,68,70,0,0.0
22,0,0,0,34,27,85,83,3,0.01875
22,1,1,0,35,37,121,124,1,0.00625
22,2,2,0,34,29,104,109,1,0.00625
22,3,3,0,28,36,80,80,1,0.00625
22,4,0,1,33,35,123,121,4,0.025
22,5,1,1,24,30,134,137,1,0.00625
22,6,2,1,33,35,141,141,0,0.0
22,7,3,1,30,38,112,115,0,0.0
22,8,0,2,23,29,105,101,3,0.01875
22,9,1,2,29,30,126,128,1,0.00625
22,10,2,2,37,30,142,143,2,0.0125
22,11,3,2,33,28,104,104,0,0.0
22,12,0,3,34,32,80,78,3,0.01875
22,13,1,3,32,32,110,106,4,0.025
22,14,2,3,30,30,103,105,4,0.025
22,15,3,3,30,26,67,65,0,0.0
23,0,0,0,33,26,77,76,4,0.025
23,1,1,0,26,28,103,102,0,0.0
23,2,2,0,35,31,109,106,2,0.0125
23,3,3,0,29,34,79,77,2,0.0125
23,4,0,1,33,23,102,102,3,0.01875
23,5,1,1,26,35,138,134,4,0.025
23,6,2,1,31,25,120,118,2,0.0125
23,7,3,1,29,31,105,101,2,0.0125
23,8,0,2,30,40,103,103,2,0.0125
23,9,1,2,30,23,140,136,5,0.03125
23,10,2,2,31,26,133,133,2,0.0125
23,11,3,2,35,38,114,111,3,0.01875
23,12,0,3,30,27,75,76,2,0.0125
23,13,1,3,35,36,122,125,1,0.00625
23,14,2,3,35,32,116,117,2,0.0125
23,15,3,3,30,24,75,74,3,0.01875
24,0,0,0,19,36,67,68,2,0.0125
24,1,1,0,29,32,100,100,2,0.0125
24,2,2,0,19,35,95,98,0,0.0
24,3,3,0,23,31,63,67,0,0.0
24,4,0,1,29,14,97,98,2,0.0125
24,5,1,1,36,30,138,142,2,0.0125
24,6,2,1,29,33,135,137,1,0.00625
24,7,3,1,23,20,85,87,1,0.00625
24,8,0,2,31,41,114,116,0,0.0
24,9,1,2,35,43,137,138,2,0.0125
24,10,2,2,31,32,142,138,6,0.0375
24,11,3,2,32,29,103,106,1,0.00625
24,12,0,3,33,39,90,91,0,0.0
24,13,1,3,36,27,113,112,1,0.00625
24,14,2,3,31,26,109,111,0,0.0
24,15,3,3,31,34,76,79,1,0.00625
25,0,0,0,28,34,73,76,1,0.00625
25,1,1,0,34,26,103,102,2,0.0125
25,2,2,0,26,32,108,105,2,0.0125
25,3,3,0,32,28,72,70,1,0.00625
25,4,0,1,32,25,95,95,1,0.00625
25,5,1,1,27,26,125,125,2,0.0125
25,6,2,1,34,34,142,142,1,0.00625
25,7,3,1,25,27,96,97,1,0.00625
25,8,0,2,32,19,85,83,4,0.025
25,9,1,2,34,33,134,128,8,0.05
25,10,2,2,26,29,131,134,3,0.01875
25,11,3,2,27,25,96,94,2,0.0125
25,12,0,3,39,26,81,80,0,0.0
25,13,1,3,32,35,117,115,5,0.03125
25,14,2,3,32,43,122,121,1,0.00625
25,15,3,3,34,31,85,86,0,0.0
26,0,0,0,32,37,88,89,0,0.0
26,1,1,0,36,36,115,117,1,0.00625
26,2,2,0,24,36,109,110,1,0.00625
26,3,3,0,35,30,78,79,0,0.0
26,4,0,1,32,23,106,104,4,0.025
26,5,1,1,30,28,145,140,6,0.0375
26,6,2,1,35,36,154,150,4,0.025
26,7,3,1,34,30,102,100,1,0.00625
26,8,0,2,31,34,101,102,2,0.0125
26,9,1,2,29,43,140,147,2,0.0125
26,10,2,2,37,31,152,151,2,0.0125
26,11,3,2,36,29,110,111,2,0.0125
26,12,0,3,31,22,68,68,1,0.00625
26,13,1,3,29,26,97,101,0,0.0
26,14,2,3,27,29,96,95,3,0.01875
26,15,3,3,21,28,68,65,2,0.0125
27,0,0,0,35,36,82,77,4,0.025
27,1,1,0,27,30,107,104,3,0.01875
27,2,2,0,27,24,96,91,7,0.04375
27,3,3,0,26,25,65,64,1,0.00625
27,4,0,1,28,27,104,106,2,0.0125
27,5,1,1,39,32,139,144,2,0.0125
27,6,2,1,26,47,142,145,2,0.0125
27,7,3,1,42,34,112,112,2,0.0125
27,8,0,2,28,30,107,107,1,0.00625
27,9,1,2,33,30,134,135,1,0.00625
27,10,2,2,32,31,143,145,2,0.0125
27,11,3,2,29,27,99,102,0,0.0
27,12,0,3,26,34,77,78,1,0.00625
27,13,1,3,29,28,107,106,1,0.00625
27,14,2,3,32,38,115,118,1,0.00625
27,15,3,3,28,25,67,69,0,0.0
28,0,0,0,26,30,81,85,0,0.0
28,1,1,0,33,23,109,113,1,0.00625
28,2,2,0,37,20,107,112,2,0.0125
28,3,3,0,32,28,77,78,0,0.0
28,4,0,1,29,27,103,103,1,0.00625
28,5,1,1,30,27,121,120,2,0.0125
28,6,2,1,30,26,128,122,5,0.03125
28,7,3,1,27,28,100,100,2,0.0125
28,8,0,2,26,34,100,103,0,0.0
28,9,1,2,24,23,119,119,2,0.0125
28,10,2,2,30,40,140,137,5,0.03125
28,11,3,2,29,35,103,99,2,0.0125
28,12,0,3,35,30,77,74,3,0.01875
28,13,1,3,29,37,101,100,3,0.01875
28,14,2,3,26,28,98,97,2,0.0125
28,15,3,3,24,27,65,64,1,0.00625
29,0,0,0,34,24,76,76,1,0.00625
29,1,1,0,26,33,111,106,4,0.025
29,2,2,0,27,32,98,97,3,0.01875
29,3,3,0,26,27,73,73,1,0.00625
29,4,0,1,31,31,108,111,0,0.0
29,5,1,1,34,25,147,140,10,0.0625
29,6,2,1,35,37,135,137,6,0.0375
29,7,3,1,34,29,112,113,1,0.00625
29,8,0,2,24,30,106,105,1,0.00625
29,9,1,2,35,20,146,144,4,0.025
29,10,2,2,26,40,144,146,3,0.01875
29,11,3,2,45,33,129,126,6,0.0375
29,12,0,3,26,40,82,85,0,0.0
29,13,1,3,35,35,117,117,1,0.00625
29,14,2,3,39,18,108,105,4,0.025
29,15,3,3,29,41,85,85,2,0.0125
30,0,0,0,31,33,83,83,1,0.00625
30,1,1,0,32,32,119,121,2,0.0125
30,2,2,0,32,33,111,112,2,0.0125
30,3,3,0,39,31,79,76,3,0.01875
30,4,0,1,33,30,96,95,1,0.00625
30,5,1,1,30,36,153,161,1,0.00625
30,6,2,1,33,19,143,145,4,0.025
30,7,3,1,28,34,109,107,2,0.0125
30,8,0,2,30,35,100,99,1,0.00625
30,9,1,2,35,31,163,160,6,0.0375
30,10,2,2,34,29,137,134,5,0.03125
30,11,3,2,32,27,104,109,2,0.0125
30,12,0,3,25,24,62,63,0,0.0
30,13,1,3,20,48,111,112,1,0.00625
30,14,2,3,28,23,81,86,0,0.0
30,15,3,3,26,33,70,69,3,0.01875
31,0,0,0,31,32,82,81,1,0.00625
31,1,1,0,33,35,114,117,1,0.00625
31,2,2,0,28,29,93,93,1,0.00625
31,3,3,0,30,23,62,63,1,0.00625
31,4,0,1,27,29,104,103,2,0.0125
31,5,1,1,37,30,143,140,2,0.0125
31,6,2,1,33,25,111,115,1,0.00625
31,7,3,1,26,26,94,96,1,0.00625
31,8,0,2,24,32,103,102,2,0.0125
31,9,1,2,26,40,136,141,1,0.00625
31,10,2,2,32,22,110,114,2,0.0125
31,11,3,2,23,34,95,96,0,0.0
31,12,0,3,33,35,86,85,0,0.0
31,13,1,3,26,28,105,103,1,0.00625
31,14,2,3,38,27,93,89,3,0.01875
31,15,3,3,22,30,60,62,1,0.00625
32,0,0,0,28,28,65,66,0,0.0
32,1,1,0,25,26,96,94,1,0.00625
32,2,2,0,32,24,104,105,1,0.00625
32,3,3,0,25,33,79,81,0,0.0
32,4,0,1,29,23,96,94,2,0.0125
32,5,1,1,35,33,129,132,1,0.00625
32,6,2,1,32,21,125,125,0,0.0
32,7,3,1,22,27,107,107,2,0.0125
32,8,0,2,25,25,95,96,1,0.00625
32,9,1,2,20,27,120,120,2,0.0125
32,10,2,2,33,31,127,125,3,0.01875
32,11,3,2,31,29,109,105,2,0.0125
32,12,0,3,26,32,68,69,0,0.0
32,13,1,3,29,30,104,103,3,0.01875
32,14,2,3,28,35,107,108,1,0.00625
32,15,3,3,32,24,71,70,2,0.0125
33,0,0,0,29,23,71,67,4,0.025
33,1,1,0,27,37,106,102,6,0.0375
33,2,2,0,29,26,99,101,0,0.0
33,3,3,0,36,34,82,80,2,0.0125
33,4,0,1,30,28,102,100,5,0.03125
33,5,1,1,30,35,131,130,2,0.0125
33,6,2,1,24,34,126,120,6,0.0375
33,7,3,1,29,38,108,108,1,0.00625
33,8,0,2,32,33,116,115,1,0.00625
33,9,1,2,36,22,152,148,6,0.0375
33,10,2,2,35,20,140,140,3,0.01875
33,11,3,2,30,24,107,109,2,0.0125
33,12,0,3,33,28,81,79,1,0.00625
33,13,1,3,25,34,109,111,2,0.0125
33,14,2,3,34,27,111,113,1,0.00625
33,15,3,3,32,31,81,81,0,0.0
34,0,0,0,28,27,70,75,0,0.0
34,1,1,0,30,32,102,107,2,0.0125
34,2,2,0,31,29,110,108,1,0.00625
34,3,3,0,32,30,79,81,1,0.00625
34,4,0,1,27,27,108,107,5,0.03125
34,5,1,1,26,31,134,132,3,0.01875
34,6,2,1,32,41,146,150,1,0.00625
34,7,3,1,32,33,116,112,3,0.01875
34,8,0,2,38,34,122,122,2,0.0125
34,9,1,2,24,24,130,133,3,0.01875
34,10,2,2,32,25,140,139,5,0.03125
34,11,3,2,32,30,111,112,1,0.00625
34,12,0,3,32,39,89,88,1,0.00625
34,13,1,3,30,33,110,110,1,0.00625
34,14,2,3,31,31,107,103,3,0.01875
34,15,3,3,35,34,81,82,0,0.0
35,0,0,0,35,32,80,76,4,0.025
35,1,1,0,37,32,111,106,5,0.03125
35,2,2,0,32,26,111,109,3,0.01875
35,3,3,0,35,34,84,83,1,0.00625
35,4,0,1,30,24,100,102,4,0.025
35,5,1,1,24,38,129,131,1,0.00625
35,6,2,1,31,32,139,136,3,0.01875
35,7,3,1,23,24,97,99,2,0.0125
35,8,0,2,33,35,119,120,1,0.00625
35,9,1,2,33,30,147,144,3,0.01875
35,10,2,2,37,33,150,153,2,0.0125
35,11,3,2,23,31,104,103,2,0.0125
35,12,0,3,32,37,92,93,1,0.00625
35,13,1,3,28,27,107,107,2,0.0125
35,14,2,3,35,31,112,110,6,0.0375
35,15,3,3,43,34,90,86,4,0.025
36,0,0,0,31,23,73,77,0,0.0
36,1,1,0,26,31,108,111,2,0.0125
36,2,2,0,23,26,103,101,6,0.0375
36,3,3,0,26,29,75,72,3,0.01875
36,4,0,1,28,39,108,110,2,0.0125
36,5,1,1,30,28,125,125,3,0.01875
36,6,2,1,30,36,128,126,5,0.03125
36,7,3,1,28,31,101,102,1,0.00625
36,8,0,2,28,25,108,107,3,0.01875
36,9,1,2,24,20,115,119,1,0.00625
36,10,2,2,27,23,112,109,6,0.0375
36,11,3,2,24,27,90,92,1,0.00625
36,12,0,3,31,36,84,84,1,0.00625
36,13,1,3,27,31,107,109,0,0.0
36,14,2,3,27,32,101,104,4,0.025
36,15,3,3,24,21,60,63,2,0.0125
37,0,0,0,29,24,71,71,0,0.0
37,1,1,0,31,26,97,98,1,0.00625
37,2,2,0,34,32,108,112,1,0.00625
37,3,3,0,28,32,81,85,0,0.0
37,4,0,1,32,25,95,98,0,0.0
37,5,1,1,22,30,106,107,1,0.00625
37,6,2,1,23,30,116,121,1,0.00625
37,7,3,1,26,32,107,108,2,0.0125
37,8,0,2,34,25,102,102,1,0.00625
37,9,1,2,36,25,120,119,2,0.0125
37,10,2,2,27,32,127,129,4,0.025
37,11,3,2,29,32,115,113,2,0.0125
37,12,0,3,27,30,73,70,4,0.025
37,13,1,3,31,31,100,95,5,0.03125
37,14,2,3,22,23,95,95,4,0.025
37,15,3,3,30,35,81,82,0,0.0
38,0,0,0,33,34,83,81,2,0.0125
38,1,1,0,32,29,114,117,0,0.0
38,2,2,0,36,28,122,120,2,0.0125
38,3,3,0,34,37,89,87,1,0.00625
38,4,0,1,28,33,107,104,2,0.0125
38,5,1,1,31,32,138,132,5,0.03125
38,6,2,1,30,34,139,133,7,0.04375
38,7,3,1,30,28,113,113,0,0.0
38,8,0,2,32,24,93,94,0,0.0
38,9,1,2,30,27,129,128,2,0.0125
38,10,2,2,36,34,140,141,1,0.00625
38,11,3,2,37,35,121,122,0,0.0
38,12,0,3,30,33,67,71,0,0.0
38,13,1,3,28,24,95,95,4,0.025
38,14,2,3,30,29,109,104,8,0.05
38,15,3,3,31,32,88,88,1,0.00625
39,0,0,0,34,21,65,65,1,0.00625
39,1,1,0,29,27,109,103,5,0.03125
39,2,2,0,28,23,112,114,2,0.0125
39,3,3,0,33,27,78,78,3,0.01875
39,4,0,1,31,34,101,99,3,0.01875
39,5,1,1,31,31,141,139,8,0.05
39,6,2,1,35,30,129,131,6,0.0375
39,7,3,1,28,29,103,99,5,0.03125
39,8,0,2,28,26,102,102,2,0.0125
39,9,1,2,36,28,150,151,3,0.01875
39,10,2,2,34,32,136,136,2,0.0125
39,11,3,2,35,48,119,119,0,0.0
39,12,0,3,22,36,71,71,0,0.0
39,13,1,3,29,38,107,109,2,0.0125
39,14,2,3,30,26,88,92,4,0.025
39,15,3,3,28,24,61,61,1,0.00625
40,0,0,0,23,24,62,62,1,0.00625
40,1,1,0,31,33,98,99,4,0.025
40,2,2,0,26,35,98,98,0,0.0
40,3,3,0,31,29,71,73,1,0.00625
40,4,0,1,34,40,112,115,1,0.00625
40,5,1,1,28,31,137,140,6,0.0375
40,6,2,1,38,31,154,156,4,0.025
40,7,3,1,37,38,122,124,4,0.025
40,8,0,2,30,36,109,106,3,0.01875
40,9,1,2,28,28,136,135,4,0.025
40,10,2,2,33,29,158,157,3,0.01875
40,11,3,2,32,28,114,114,1,0.00625
40,12,0,3,29,20,72,69,4,0.025
40,13,1,3,29,32,109,109,3,0.01875
40,14,2,3,32,33,113,113,2,0.0125
40,15,3,3,35,37,81,80,2,0.0125
41,0,0,0,28,34,71,70,1,0.00625
41,1,1,0,30,21,96,95,4,0.025
41,2,2,0,31,22,102,99,4,0.025
41,3,3,0,24,34,84,85,0,0.0
41,4,0,1,23,31,97,98,1,0.00625
41,5,1,1,24,28,116,121,1,0.00625
41,6,2,1,25,23,121,123,2,0.0125
41,7,3,1,23,34,110,113,1,0.00625
41,8,0,2,28,26,100,104,1,0.00625
41,9,1,2,25,35,132,135,0,0.0
41,10,2,2,32,24,129,131,1,0.00625
41,11,3,2,27,27,104,102,3,0.01875
41,12,0,3,29,24,74,76,2,0.0125
41,13,1,3,29,34,107,111,0,0.0
41,14,2,3,25,28,101,103,2,0.0125
41,15,3,3,30,29,74,75,0,0.0
42,0,0,0,24,22,57,60,0,0.0
42,1,1,0,23,36,98,103,0,0.0
42,2,2,0,27,26,90,95,0,0.0
42,3,3,0,24,25,61,61,0,0.0
42,4,0,1,29,35,94,94,0,0.0
42,5,1,1,23,27,122,123,0,0.0
42,6,2,1,23,28,116,116,2,0.0125
42,7,3,1,26,27,85,85,1,0.00625
42,8,0,2,27,29,105,103,2,0.0125
42,9,1,2,25,30,133,133,1,0.00625
42,10,2,2,35,26,132,132,2,0.0125
42,11,3,2,28,25,89,90,1,0.00625
42,12,0,3,26,30,86,83,3,0.01875
42,13,1,3,38,24,116,115,0,0.0
42,14,2,3,41,28,120,114,7,0.04375
42,15,3,3,32,33,85,81,3,0.01875
43,0,0,0,29,24,61,61,0,0.0
43,1,1,0,34,24,102,97,4,0.025
43,2,2,0,30,30,116,113,1,0.00625
43,3,3,0,38,23,78,75,2,0.0125
43,4,0,1,28,39,96,97,0,0.0
43,5,1,1,33,36,130,128,2,0.0125
43,6,2,1,26,33,137,139,0,0.0
43,7,3,1,28,36,102,102,1,0.00625
43,8,0,2,28,27,99,101,1,0.00625
43,9,1,2,28,31,132,131,0,0.0
43,10,2,2,36,34,160,156,3,0.01875
43,11,3,2,38,35,115,112,5,0.03125
43,12,0,3,33,22,69,73,0,0.0
43,13,1,3,24,27,94,92,2,0.0125
43,14,2,3,26,38,93,101,0,0.0
43,15,3,3,26,25,56,58,2,0.0125
44,0,0,0,26,20,65,64,0,0.0
44,1,1,0,33,23,101,105,1,0.00625
44,2,2,0,34,42,128,126,4,0.025
44,3,3,0,35,29,85,85,2,0.0125
44,4,0,1,28,35,100,98,0,0.0
44,5,1,1,30,35,135,130,5,0.03125
44,6,2,1,32,35,147,141,5,0.03125
44,7,3,1,35,39,117,114,3,0.01875
44,8,0,2,27,35,101,100,1,0.00625
44,9,1,2,23,36,137,136,4,0.025
44,10,2,2,33,26,142,142,6,0.0375
44,11,3,2,36,21,112,114,3,0.01875
44,12,0,3,35,24,70,69,1,0.00625
44,13,1,3,34,33,106,107,1,0.00625
44,14,2,3,31,35,114,111,4,0.025
44,15,3,3,35,28,78,81,0,0.0
45,0,0,0,33,23,79,78,2,0.0125
45,1,1,0,30,34,120,119,3,0.01875
45,2,2,0,31,28,112,113,3,0.01875
45,3,3,0,31,38,73,73,3,0.01875
45,4,0,1,32,35,113,108,6,0.0375
45,5,1,1,29,33,141,143,4,0.025
45,6,2,1,32,29,138,138,5,0.03125
45,7,3,1,32,26,96,98,2,0.0125
45,8,0,2,30,24,96,96,1,0.00625
45,9,1,2,33,32,135,134,3,0.01875
45,10,2,2,24,29,133,135,3,0.01875
45,11,3,2,33,27,96,97,3,0.01875
45,12,0,3,26,37,69,70,1,0.00625
45,13,1,3,23,26,93,93,0,0.0
45,14,2,3,31,25,94,96,1,0.00625
45,15,3,3,27,20,60,58,0,0.0
46,0,0,0,28,31,74,75,1,0.00625
46,1,1,0,16,30,97,97,2,0.0125
46,2,2,0,25,30,93,97,0,0.0
46,3,3,0,26,36,72,71,2,0.0125
46,4,0,1,31,36,103,108,1,0.00625
46,5,1,1,28,23,125,129,0,0.0
46,6,2,1,24,35,138,142,1,0.00625
46,7,3,1,30,31,110,110,2,0.0125
46,8,0,2,34,29,117,118,1,0.00625
46,9,1,2,29,28,151,152,2,0.0125
46,10,2,2,32,33,149,147,4,0.025
46,11,3,2,34,31,106,108,0,0.0
46,12,0,3,30,32,82,81,1,0.00625
46,13,1,3,36,34,123,123,1,0.00625
46,14,2,3,34,26,114,110,4,0.025
46,15,3,3,39,26,77,76,1,0.00625
47,0,0,0,28,27,70,70,1,0.00625
47,1,1,0,36,28,104,103,3,0.01875
47,2,2,0,25,35,102,99,2,0.0125
47,3,3,0,27,27,72,72,2,0.0125
47,4,0,1,23,24,96,96,1,0.00625
47,5,1,1,26,25,137,135,3,0.01875
47,6,2,1,36,21,130,128,4,0.025
47,7,3,1,33,27,105,104,2,0.0125
47,8,0,2,30,36,96,93,2,0.0125
47,9,1,2,28,46,133,135,1,0.00625
47,10,2,2,25,32,116,120,2,0.0125
47,11,3,2,23,32,99,97,1,0.00625
47,12,0,3,29,19,67,68,0,0.0
47,13,1,3,38,33,112,109,4,0.025
47,14,2,3,34,25,103,106,1,0.00625
47,15,3,3,26,30,73,76,0,0.0
48,0,0,0,30,38,76,76,0,0.0
48,1,1,0,32,29,98,100,2,0.0125
48,2,2,0,27,35,111,111,2,0.0125
48,3,3,0,29,22,69,72,0,0.0
48,4,0,1,33,23,105,106,1,0.00625
48,5,1,1,25,28,140,135,6,0.0375
48,6,2,1,35,36,157,154,6,0.0375
48,7,3,1,29,34,103,103,2,0.0125
48,8,0,2,29,29,98,97,3,0.01875
48,9,1,2,40,39,143,139,4,0.025
48,10,2,2,30,33,136,133,4,0.025
48,11,3,2,33,31,111,110,2,0.0125
48,12,0,3,35,16,65,61,3,0.01875
48,13,1,3,27,27,101,104,2,0.0125
48,14,2,3,26,32,112,112,2,0.0125
48,15,3,3,42,35,97,93,3,0.01875
49,0,0,0,29,21,63,63,1,0.00625
49,1,1,0,27,27,95,95,1,0.00625
49,2,2,0,26,34,108,109,1,0.00625
49,3,3,0,36,25,76,75,1,0.00625
49,4,0,1,29,27,99,93,5,0.03125
49,5,1,1,30,27,142,147,4,0.025
49,6,2,1,27,32,148,153,1,0.00625
49,7,3,1,31,36,113,111,3,0.01875
49,8,0,2,32,31,100,100,2,0.0125
49,9,1,2,23,30,126,129,2,0.0125
49,10,2,2,26,31,132,134,2,0.0125
49,11,3,2,27,31,99,100,0,0.0
49,12,0,3,26,33,68,72,1,0.00625
49,13,1,3,25,21,87,86,1,0.00625
49,14,2,3,34,28,100,101,1,0.00625
49,15,3,3,25,28,64,67,0,0.0
50,0,0,0,30,32,76,74,1,0.00625
50,1,1,0,27,43,114,115,0,0.0
50,2,2,0,27,28,100,99,1,0.00625
50,3,3,0,24,37,75,74,1,0.00625
50,4,0,1,31,27,106,110,2,0.0125
50,5,1,1,29,23,143,144,2,0.0125
50,6,2,1,27,17,124,124,1,0.00625
50,7,3,1,31,31,108,112,0,0.0
50,8,0,2,34,34,115,118,1,0.00625
50,9,1,2,31,30,150,148,4,0.025
50,10,2,2,36,37,143,136,8,0.05
50,11,3,2,34,33,111,111,3,0.01875
50,12,0,3,35,35,87,86,1,0.00625
50,13,1,3,33,28,122,121,2,0.0125
50,14,2,3,31,32,117,117,2,0.0125
50,15,3,3,33,23,81,80,0,0.0
51,0,0,0,31,35,80,83,0,0.0
51,1,1,0,31,32,111,109,2,0.0125
51,2,2,0,36,30,112,114,1,0.00625
51,3,3,0,24,33,77,78,1,0.00625
51,4,0,1,30,29,110,109,3,0.01875
51,5,1,1,23,22,120,118,2,0.0125
51,6,2,1,25,23,121,122,1,0.00625
51,7,3,1,32,33,109,106,1,0.00625
51,8,0,2,28,34,107,107,2,0.0125
51,9,1,2,35,24,136,138,3,0.01875
51,10,2,2,33,38,143,147,5,0.03125
51,11,3,2,31,22,101,102,1,0.00625
51,12,0,3,35,28,73,73,1,0.00625
51,13,1,3,34,32,108,109,2,0.0125
51,14,2,3,23,39,112,111,2,0.0125
51,15,3,3,30,31,75,75,2,0.0125
52,0,0,0,29,25,68,65,2,0.0125
52,1,1,0,41,29,111,108,5,0.03125
52,2,2,0,35,27,113,111,2,0.0125
52,3,3,0,26,36,76,75,1,0.00625
52,4,0,1,33,20,94,95,1,0.00625
52,5,1,1,31,31,121,125,1,0.00625
52,6,2,1,26,36,134,135,1,0.00625
52,7,3,1,18,21,77,80,0,0.0
52,8,0,2,23,34,100,102,0,0.0
52,9,1,2,29,28,125,123,3,0.01875
52,10,2,2,28,35,131,131,6,0.0375
52,11,3,2,22,22,79,78,1,0.00625
52,12,0,3,34,33,88,85,3,0.01875
52,13,1,3,33,34,121,120,3,0.01875
52,14,2,3,29,25,101,100,4,0.025
52,15,3,3,29,26,66,67,1,0.00625
53,0,0,0,36,27,77,80,0,0.0
53,1,1,0,27,31,103,105,3,0.01875
53,2,2,0,36,38,119,119,1,0.00625
53,3,3,0,24,34,72,75,0,0.0
53,4,0,1,36,35,109,110,1,0.00625
53,5,1,1,26,31,123,122,1,0.00625
53,6,2,1,30,33,142,142,0,0.0
53,7,3,1,28,29,104,105,0,0.0
53,8,0,2,26,26,105,103,1,0.00625
53,9,1,2,35,36,135,138,0,0.0
53,10,2,2,24,36,129,131,3,0.01875
53,11,3,2,34,31,106,105,2,0.0125
53,12,0,3,36,30,80,85,0,0.0
53,13,1,3,26,30,113,110,5,0.03125
53,14,2,3,35,26,107,108,3,0.01875
53,15,3,3,35,31,84,82,1,0.00625
54,0,0,0,32,31,79,78,0,0.0
54,1,1,0,31,35,110,113,1,0.00625
54,2,2,0,38,32,113,115,0,0.0
54,3,3,0,37,36,91,90,1,0.00625
54,4,0,1,27,25,106,100,6,0.0375
54,5,1,1,32,32,142,137,6,0.0375
54,6,2,1,27,34,141,137,3,0.01875
54,7,3,1,28,24,110,109,1,0.00625
54,8,0,2,25,31,101,103,0,0.0
54,9,1,2,31,28,139,138,2,0.0125
54,10,2,2,33,31,140,141,3,0.01875
54,11,3,2,31,36,116,116,2,0.0125
54,12,0,3,23,25,68,68,0,0.0
54,13,1,3,29,34,112,119,0,0.0
54,14,2,3,37,25,116,117,2,0.0125
54,15,3,3,30,34,85,85,2,0.0125
55,0,0,0,24,26,70,69,1,0.00625
55,1,1,0,31,20,98,98,1,0.00625
55,2,2,0,36,27,108,106,2,0.0125
55,3,3,0,37,30,81,79,2,0.0125
55,4,0,1,37,32,101,106,3,0.01875
55,5,1,1,34,26,129,127,7,0.04375
55,6,2,1,29,37,143,143,4,0.025
55,7,3,1,32,28,114,111,3,0.01875
55,8,0,2,29,29,102,98,4,0.025
55,9,1,2,27,31,133,135,1,0.00625
55,10,2,2,35,31,142,140,5,0.03125
55,11,3,2,28,37,112,113,2,0.0125
55,12,0,3,29,29,71,69,1,0.00625
55,13,1,3,35,35,103,101,0,0.0
55,14,2,3,28,23,95,95,0,0.0
55,15,3,3,26,24,70,72,0,0.0
56,0,0,0,30,32,82,82,1,0.00625
56,1,1,0,27,26,105,104,1,0.00625
56,2,2,0,27,31,104,101,4,0.025
56,3,3,0,34,23,75,75,2,0.0125
56,4,0,1,32,30,109,110,2,0.0125
56,5,1,1,25,41,138,141,4,0.025
56,6,2,1,24,26,118,120,2,0.0125
56,7,3,1,30,33,113,115,0,0.0
56,8,0,2,26,36,107,106,2,0.0125
56,9,1,2,34,34,142,140,3,0.01875
56,10,2,2,27,28,120,120,4,0.025
56,11,3,2,29,39,120,121,2,0.0125
56,12,0,3,38,28,77,78,1,0.00625
56,13,1,3,32,25,99,98,1,0.00625
56,14,2,3,36,20,91,90,1,0.00625
56,15,3,3,26,39,79,80,0,0.0
57,0,0,0,26,30,74,75,0,0.0
57,1,1,0,29,24,97,95,3,0.01875
57,2,2,0,29,32,99,102,2,0.0125
57,3,3,0,28,34,71,74,0,0.0
57,4,0,1,25,31,101,102,1,0.00625
57,5,1,1,24,35,129,131,3,0.01875
57,6,2,1,29,27,128,125,3,0.01875
57,7,3,1,29,30,102,99,3,0.01875
57,8,0,2,31,27,105,107,2,0.0125
57,9,1,2,27,23,133,133,1,0.00625
57,10,2,2,29,27,129,131,2,0.0125
57,11,3,2,24,28,99,98,3,0.01875
57,12,0,3,29,26,69,69,1,0.00625
57,13,1,3,30,24,96,96,1,0.00625
57,14,2,3,26,27,95,96,1,0.00625
57,15,3,3,27,25,66,64,2,0.0125
58,0,0,0,28,30,78,75,2,0.0125
58,1,1,0,33,23,104,106,2,0.0125
58,2,2,0,31,22,108,106,3,0.01875
58,3,3,0,34,39,92,88,2,0.0125
58,4,0,1,33,29,117,116,1,0.00625
58,5,1,1,28,30,138,140,2,0.0125
58,6,2,1,29,36,143,142,4,0.025
58,7,3,1,36,37,120,121,2,0.0125
58,8,0,2,32,35,117,115,4,0.025
58,9,1,2,26,27,140,142,1,0.00625
58,10,2,2,32,25,149,148,2,0.0125
58,11,3,2,30,25,107,108,1,0.00625
58,12,0,3,31,31,82,81,1,0.00625
58,13,1,3,31,30,115,111,5,0.03125
58,14,2,3,31,36,121,116,5,0.03125
58,15,3,3,40,37,88,88,0,0.0
59,0,0,0,29,34,88,91,0,0.0
59,1,1,0,35,32,115,114,1,0.00625
59,2,2,0,29,40,111,115,0,0.0
59,3,3,0,27,22,68,70,1,0.00625
59,4,0,1,25,27,110,108,3,0.01875
59,5,1,1,27,26,128,126,2,0.0125
59,6,2,1,34,35,142,146,1,0.00625
59,7,3,1,28,33,98,100,1,0.00625
59,8,0,2,26,37,112,115,1,0.00625
59,9,1,2,28,30,137,134,2,0.0125
59,10,2,2,28,31,146,149,0,0.0
59,11,3,2,33,32,105,107,0,0.0
59,12,0,3,27,22,73,74,1,0.00625
59,13,1,3,34,38,120,123,2,0.0125
59,14,2,3,37,46,127,131,1,0.00625
59,15,3,3,32,32,74,74,2,0.0125
60,0,0,0,34,25,75,73,3,0.01875
60,1,1,0,27,27,99,99,2,0.0125
60,2,2,0,26,27,91,87,3,0.01875
60,3,3,0,26,29,66,66,2,0.0125
60,4,0,1,35,31,108,108,3,0.01875
60,5,1,1,27,30,136,136,2,0.0125
60,6,2,1,35,27,133,130,6,0.0375
60,7,3,1,29,22,99,97,3,0.01875
60,8,0,2,31,25,114,111,5,0.03125
60,9,1,2,32,25,152,148,6,0.0375
60,10,2,2,24,33,130,126,5,0.03125
60,11,3,2,36,32,112,108,1,0.00625
60,12,0,3,31,31,85,83,0,0.0
60,13,1,3,39,38,121,123,2,0.0125
60,14,2,3,36,20,93,94,1,0.00625
60,15,3,3,28,28,67,69,0,0.0
61,0,0,0,40,35,94,95,1,0.00625
61,1,1,0,19,24,110,111,2,0.0125
61,2,2,0,33,28,117,116,4,0.025
61,3,3,0,37,29,86,86,2,0.0125
61,4,0,1,34,36,121,118,4,0.025
61,5,1,1,33,31,144,139,6,0.0375
61,6,2,1,33,32,139,140,4,0.025
61,7,3,1,29,31,104,107,0,0.0
61,8,0,2,28,30,114,114,2,0.0125
61,9,1,2,24,40,141,146,2,0.0125
61,10,2,2,36,35,140,139,4,0.025
61,11,3,2,27,32,98,102,0,0.0
61,12,0,3,16,28,70,70,1,0.00625
61,13,1,3,36,32,111,110,2,0.0125
61,14,2,3,25,25,94,93,1,0.00625
61,15,3,3,31,32,77,77,0,0.0
62,0,0,0,32,26,70,71,0,0.0
62,1,1,0,32,27,106,106,2,0.0125
62,2,2,0,32,27,108,111,1,0.00625
62,3,3,0,30,30,71,69,2,0.0125
62,4,0,1,32,37,106,110,2,0.0125
62,5,1,1,32,36,136,140,3,0.01875
62,6,2,1,19,26,121,124,1,0.00625
62,7,3,1,31,27,95,91,4,0.025
62,8,0,2,31,31,94,99,0,0.0
62,9,1,2,23,31,116,115,2,0.0125
62,10,2,2,20,34,126,128,3,0.01875
62,11,3,2,34,33,99,96,1,0.00625
62,12,0,3,26,25,67,67,2,0.0125
62,13,1,3,24,29,99,99,2,0.0125
62,14,2,3,38,32,114,115,1,0.00625
62,15,3,3,37,23,69,67,1,0.00625
63,0,0,0,27,22,71,69,2,0.0125
63,1,1,0,33,22,94,95,1,0.00625
63,2,2,0,30,29,108,108,2,0.0125
63,3,3,0,33,28,78,79,2,0.0125
63,4,0,1,31,32,102,105,0,0.0
63,5,1,1,25,31,116,120,1,0.00625
63,6,2,1,31,33,140,138,1,0.00625
63,7,3,1,21,33,106,108,1,0.00625
63,8,0,2,33,33,100,97,1,0.00625
63,9,1,2,30,21,121,122,2,0.0125
63,10,2,2,21,26,132,131,4,0.025
63,11,3,2,27,25,106,105,4,0.025
63,12,0,3,29,19,59,60,2,0.0125
63,13,1,3,39,33,99,100,2,0.0125
63,14,2,3,33,33,113,110,3,0.01875
63,15,3,3,23,39,82,82,1,0.00625
64,0,0,0,35,32,82,82,1,0.00625
64,1,1,0,24,25,101,100,0,0.0
64,2,2,0,25,27,104,106,0,0.0
64,3,3,0,24,39,79,82,0,0.0
64,4,0,1,29,26,103,99,3,0.01875
64,5,1,1,32,20,126,122,3,0.01875
64,6,2,1,30,27,137,136,3,0.01875
64,7,3,1,25,25,99,99,1,0.00625
64,8,0,2,36,32,114,114,2,0.0125
64,9,1,2,27,28,136,134,4,0.025
64,10,2,2,35,28,134,139,0,0.0
64,11,3,2,31,28,104,105,1,0.00625
64,12,0,3,27,31,76,76,0,0.0
64,13,1,3,32,32,108,104,4,0.025
64,14,2,3,24,40,103,107,1,0.00625
64,15,3,3,27,35,75,77,0,0.0
65,0,0,0,18,29,54,56,0,0.0
65,1,1,0,35,36,97,91,5,0.03125
65,2,2,0,32,36,105,103,3,0.01875
65,3,3,0,31,19,68,65,1,0.00625
65,4,0,1,36,30,103,102,5,0.03125
65,5,1,1,28,29,138,138,3,0.01875
65,6,2,1,29,36,132,132,3,0.01875
65,7,3,1,32,27,102,102,2,0.0125
65,8,0,2,30,27,93,95,1,0.00625
65,9,1,2,30,31,148,148,3,0.01875
65,10,2,2,34,26,137,133,3,0.01875
65,11,3,2,23,26,94,95,1,0.00625
65,12,0,3,31,27,72,73,1,0.00625
65,13,1,3,35,27,111,111,4,0.025
65,14,2,3,28,29,107,108,0,0.0
65,15,3,3,32,32,81,77,3,0.01875
66,0,0,0,23,32,72,71,1,0.00625
66,1,1,0,25,40,114,120,2,0.0125
66,2,2,0,38,29,114,112,4,0.025
66,3,3,0,28,36,83,81,4,0.025
66,4,0,1,23,29,97,99,1,0.00625
66,5,1,1,29,28,146,146,4,0.025
66,6,2,1,28,13,121,120,4,0.025
66,7,3,1,27,25,104,102,3,0.01875
66,8,0,2,28,28,97,96,1,0.00625
66,9,1,2,29,26,134,135,4,0.025
66,10,2,2,31,29,126,124,5,0.03125
66,11,3,2,33,32,110,106,5,0.03125
66,12,0,3,36,25,74,73,1,0.00625
66,13,1,3,34,36,111,114,1,0.00625
66,14,2,3,25,32,102,101,0,0.0
66,15,3,3,34,32,75,78,1,0.00625
67,0,0,0,35,24,75,75,1,0.00625
67,1,1,0,33,32,116,115,3,0.01875
67,2,2,0,35,25,110,113,1,0.00625
67,3,3,0,26,33,81,86,0,0.0
67,4,0,1,28,37,100,101,1,0.00625
67,5,1,1,28,37,144,147,2,0.0125
67,6,2,1,33,27,134,135,3,0.01875
67,7,3,1,34,24,113,113,4,0.025
67,8,0,2,37,27,116,110,7,0.04375
67,9,1,2,35,38,158,157,4,0.025
67,10,2,2,26,34,140,140,5,0.03125
67,11,3,2,32,38,116,118,2,0.0125
67,12,0,3,31,38,78,78,1,0.00625
67,13,1,3,24,24,90,92,0,0.0
67,14,2,3,35,29,95,92,2,0.0125
67,15,3,3,20,31,68,66,2,0.0125
68,0,0,0,34,31,80,81,1,0.00625
68,1,1,0,30,26,107,106,2,0.0125
68,2,2,0,34,30,119,116,3,0.01875
68,3,3,0,34,32,80,79,1,0.00625
68,4,0,1,32,27,101,100,2,0.0125
68,5,1,1,23,26,118,114,4,0.025
68,6,2,1,22,32,138,138,3,0.01875
68,7,3,1,30,26,105,107,2,0.0125
68,8,0,2,25,31,98,104,1,0.00625
68,9,1,2,29,29,134,138,0,0.0
68,10,2,2,29,28,144,143,5,0.03125
68,11,3,2,23,29,93,96,1,0.00625
68,12,0,3,28,35,80,81,0,0.0
68,13,1,3,27,25,108,105,2,0.0125
68,14,2,3,39,48,127,128,1,0.00625
68,15,3,3,29,21,66,66,2,0.0125
69,0,0,0,22,28,63,61,2,0.0125
69,1,1,0,34,25,91,94,1,0.00625
69,2,2,0,29,39,108,110,1,0.00625
69,3,3,0,33,28,85,83,2,0.0125
69,4,0,1,35,33,106,106,2,0.0125
69,5,1,1,32,26,130,134,1,0.00625
69,6,2,1,26,33,140,142,1,0.00625
69,7,3,1,30,35,111,113,1,0.00625
69,8,0,2,34,27,98,98,1,0.00625
69,9,1,2,23,29,139,133,5,0.03125
69,10,2,2,35,42,153,155,3,0.01875
69,11,3,2,34,22,102,99,2,0.0125
69,12,0,3,29,27,69,67,3,0.01875
69,13,1,3,36,33,111,110,3,0.01875
69,14,2,3,28,35,106,107,2,0.0125
69,15,3,3,32,30,74,74,2,0.0125
70,0,0,0,38,23,68,67,3,0.01875
70,1,1,0,29,30,99,95,4,0.025
70,2,2,0,31,34,114,115,1,0.00625
70,3,3,0,27,31,79,80,1,0.00625
70,4,0,1,25,26,90,91,1,0.00625
70,5,1,1,26,23,128,124,2,0.0125
70,6,2,1,32,33,153,152,2,0.0125
70,7,3,1,37,26,114,111,3,0.01875
70,8,0,2,27,21,94,93,2,0.0125
70,9,1,2,28,32,122,126,1,0.00625
70,10,2,2,28,31,132,131,4,0.025
70,11,3,2,29,43,119,122,1,0.00625
70,12,0,3,37,28,78,79,2,0.0125
70,13,1,3,26,26,98,99,2,0.0125
70,14,2,3,27,23,94,95,1,0.00625
70,15,3,3,31,40,85,86,2,0.0125
71,0,0,0,38,26,79,80,2,0.0125
71,1,1,0,27,32,116,115,4,0.025
71,2,2,0,31,25,110,108,4,0.025
71,3,3,0,32,27,78,79,0,0.0
71,4,0,1,24,30,96,93,3,0.01875
71,5,1,1,32,34,140,140,3,0.01875
71,6,2,1,33,33,139,139,3,0.01875
71,7,3,1,34,25,112,111,4,0.025
71,8,0,2,23,24,103,104,1,0.00625
71,9,1,2,34,31,148,146,4,0.025
71,10,2,2,34,36,140,143,3,0.01875
71,11,3,2,36,36,114,111,2,0.0125
71,12,0,3,30,30,80,80,1,0.00625
71,13,1,3,32,39,117,119,1,0.00625
71,14,2,3,36,28,112,110,1,0.00625
71,15,3,3,23,36,71,72,0,0.0
72,0,0,0,31,31,76,77,1,0.00625
72,1,1,0,30,23,100,103,2,0.0125
72,2,2,0,32,37,114,115,3,0.01875
72,3,3,0,31,39,89,88,0,0.0
72,4,0,1,34,36,108,113,0,0.0
72,5,1,1,26,32,137,141,1,0.00625
72,6,2,1,29,35,142,140,4,0.025
72,7,3,1,30,28,118,120,2,0.0125
72,8,0,2,27,28,99,99,1,0.00625
72,9,1,2,29,35,142,141,3,0.01875
72,10,2,2,30,24,130,131,1,0.00625
72,11,3,2,31,33,113,116,1,0.00625
72,12,0,3,38,26,76,75,2,0.0125
72,13,1,3,31,38,114,115,0,0.0
72,14,2,3,26,26,102,103,1,0.00625
72,15,3,3,27,27,74,72,2,0.0125
73,0,0,0,22,32,63,63,2,0.0125
73,1,1,0,29,25,92,92,2,0.0125
73,2,2,0,33,29,105,105,2,0.0125
73,3,3,0,26,33,76,77,1,0.00625
73,4,0,1,36,22,101,99,1,0.00625
73,5,1,1,27,34,130,131,1,0.00625
73,6,2,1,26,32,138,140,2,0.0125
73,7,3,1,29,26,104,105,0,0.0
73,8,0,2,31,32,108,109,0,0.0
73,9,1,2,31,28,122,124,2,0.0125
73,10,2,2,33,33,141,138,4,0.025
73,11,3,2,29,34,104,102,2,0.0125
73,12,0,3,33,31,85,84,3,0.01875
73,13,1,3,30,16,103,103,1,0.00625
73,14,2,3,35,34,111,110,2,0.0125
73,15,3,3,22,28,62,63,1,0.00625
74,0,0,0,35,25,77,79,0,0.0
74,1,1,0,36,33,114,112,4,0.025
74,2,2,0,39,22,107,105,4,0.025
74,3,3,0,29,31,76,75,1,0.00625
74,4,0,1,42,35,125,120,6,0.0375
74,5,1,1,24,20,138,136,3,0.01875
74,6,2,1,24,35,133,130,7,0.04375
74,7,3,1,37,33,100,99,1,0.00625
74,8,0,2,26,34,109,108,1,0.00625
74,9,1,2,36,39,141,140,1,0.00625
74,10,2,2,30,29,133,133,2,0.0125
74,11,3,2,32,34,95,95,2,0.0125
74,12,0,3,28,26,72,75,1,0.00625
74,13,1,3,19,23,88,87,1,0.00625
74,14,2,3,28,37,101,103,0,0.0
74,15,3,3,23,25,61,63,0,0.0
75,0,0,0,33,26,76,71,2,0.0125
75,1,1,0,31,23,107,109,1,0.00625
75,2,2,0,33,26,109,113,1,0.00625
75,3,3,0,26,33,78,78,1,0.00625
75,4,0,1,26,31,100,105,2,0.0125
75,5,1,1,38,36,146,143,4,0.025
75,6,2,1,30,35,143,144,3,0.01875
75,7,3,1,35,40,125,124,1,0.00625
75,8,0,2,25,31,96,97,1,0.00625
75,9,1,2,32,29,129,130,3,0.01875
75,10,2,2,31,32,136,138,1,0.00625
75,11,3,2,29,28,110,109,1,0.00625
75,12,0,3,24,27,67,65,2,0.0125
75,13,1,3,23,28,95,93,1,0.00625
75,14,2,3,34,32,105,103,2,0.0125
75,15,3,3,29,27,74,72,0,0.0
76,0,0,0,34,35,88,89,3,0.01875
76,1,1,0,34,27,112,110,3,0.01875
76,2,2,0,24,23,109,104,5,0.03125
76,3,3,0,34,39,92,92,0,0.0
76,4,0,1,32,35,114,111,5,0.03125
76,5,1,1,34,24,134,135,3,0.01875
76,6,2,1,32,32,138,140,2,0.0125
76,7,3,1,29,31,103,107,0,0.0
76,8,0,2,32,30,101,98,3,0.01875
76,9,1,2,36,29,140,137,6,0.0375
76,10,2,2,33,33,141,140,3,0.01875
76,11,3,2,26,22,93,94,2,0.0125
76,12,0,3,24,23,63,65,1,0.00625
76,13,1,3,34,36,105,107,2,0.0125
76,14,2,3,30,33,96,93,3,0.01875
76,15,3,3,22,28,60,60,0,0.0
77,0,0,0,36,36,91,92,1,0.00625
77,1,1,0,35,25,98,102,1,0.00625
77,2,2,0,33,41,104,107,2,0.0125
77,3,3,0,25,31,64,66,0,0.0
77,4,0,1,28,36,119,120,3,0.01875
77,5,1,1,29,28,141,139,5,0.03125
77,6,2,1,29,24,137,136,3,0.01875
77,7,3,1,25,27,90,89,1,0.00625
77,8,0,2,29,29,107,106,4,0.025
77,9,1,2,38,42,154,157,4,0.025
77,10,2,2,36,32,146,144,3,0.01875
77,11,3,2,27,23,90,91,1,0.00625
77,12,0,3,31,26,70,70,1,0.00625
77,13,1,3,23,34,106,104,2,0.0125
77,14,2,3,30,34,109,112,2,0.0125
77,15,3,3,30,32,76,75,1,0.00625
78,0,0,0,27,26,65,66,2,0.0125
78,1,1,0,29,26,92,91,2,0.0125
78,2,2,0,38,29,101,102,2,0.0125
78,3,3,0,21,32,70,69,1,0.00625
78,4,0,1,39,31,110,112,1,0.00625
78,5,1,1,31,40,137,136,6,0.0375
78,6,2,1,30,26,138,135,6,0.0375
78,7,3,1,34,25,102,100,2,0.0125
78,8,0,2,33,36,111,114,2,0.0125
78,9,1,2,35,27,139,137,5,0.03125
78,10,2,2,29,35,138,138,3,0.01875
78,11,3,2,28,23,100,101,0,0.0
78,12,0,3,33,23,72,69,3,0.01875
78,13,1,3,21,36,100,100,2,0.0125
78,14,2,3,36,30,104,105,2,0.0125
78,15,3,3,24,28,73,75,0,0.0
79,0,0,0,24,28,66,64,3,0.01875
79,1,1,0,26,31,86,86,2,0.0125
79,2,2,0,31,30,101,100,0,0.0
79,3,3,0,35,34,83,81,1,0.00625
79,4,0,1,26,24,101,98,4,0.025
79,5,1,1,30,25,125,130,3,0.01875
79,6,2,1,28,25,119,126,1,0.00625
79,7,3,1,27,31,97,98,1,0.00625
79,8,0,2,26,32,101,97,3,0.01875
79,9,1,2,23,24,120,121,2,0.0125
79,10,2,2,17,35,115,120,1,0.00625
79,11,3,2,30,31,95,95,1,0.00625
79,12,0,3,26,31,68,72,0,0.0
79,13,1,3,27,27,94,96,1,0.00625
79,14,2,3,30,30,99,99,1,0.00625
79,15,3,3,34,24,74,71,1,0.00625
80,0,0,0,30,26,67,70,0,0.0
80,1,1,0,30,28,99,97,3,0.01875
80,2,2,0,26,27,103,102,2,0.0125
80,3,3,0,33,36,87,87,2,0.0125
80,4,0,1,34,37,105,106,3,0.01875
80,5,1,1,26,23,116,116,0,0.0
80,6,2,1,25,30,126,122,4,0.025
80,7,3,1,26,27,107,109,0,0.0
80,8,0,2,27,28,110,113,3,0.01875
80,9,1,2,31,34,132,133,4,0.025
80,10,2,2,30,32,138,135,2,0.0125
80,11,3,2,34,27,110,110,1,0.00625
80,12,0,3,24,32,83,82,0,0.0
80,13,1,3,40,23,107,106,3,0.01875
80,14,2,3,32,30,106,103,3,0.01875
80,15,3,3,29,35,74,75,2,0.0125
81,0,0,0,23,36,69,68,1,0.00625
81,1,1,0,24,34,85,88,0,0.0
81,2,2,0,26,27,81,85,0,0.0
81,3,3,0,24,30,65,67,0,0.0
81,4,0,1,28,21,100,102,1,0.00625
81,5,1,1,24,32,134,132,2,0.0125
81,6,2,1,33,26,126,128,3,0.01875
81,7,3,1,30,29,105,104,1,0.00625
81,8,0,2,29,29,103,104,2,0.0125
81,9,1,2,29,23,130,128,3,0.01875
81,10,2,2,34,32,133,133,2,0.0125
81,11,3,2,33,32,107,105,1,0.00625
81,12,0,3,31,34,78,77,0,0.0
81,13,1,3,22,22,97,95,5,0.03125
81,14,2,3,33,28,111,114,1,0.00625
81,15,3,3,33,23,75,76,2,0.0125
82,0,0,0,28,28,78,79,1,0.00625
82,1,1,0,27,37,109,109,0,0.0
82,2,2,0,31,23,96,94,2,0.0125
82,3,3,0,30,26,74,72,2,0.0125
82,4,0,1,41,38,115,115,0,0.0
82,5,1,1,26,27,138,137,4,0.025
82,6,2,1,27,21,124,126,0,0.0
82,7,3,1,28,28,112,108,4,0.025
82,8,0,2,25,29,100,99,2,0.0125
82,9,1,2,29,32,132,131,7,0.04375
82,10,2,2,24,35,127,130,1,0.00625
82,11,3,2,28,33,116,116,1,0.00625
82,12,0,3,39,26,89,89,1,0.00625
82,13,1,3,32,35,121,124,2,0.0125
82,14,2,3,39,30,118,117,1,0.00625
82,15,3,3,31,32,84,85,0,0.0
83,0,0,0,31,30,74,72,1,0.00625
83,1,1,0,29,26,110,107,1,0.00625
83,2,2,0,32,24,110,111,0,0.0
83,3,3,0,30,32,71,73,1,0.00625
83,4,0,1,27,33,100,101,1,0.00625
83,5,1,1,21,33,129,132,3,0.01875
83,6,2,1,32,35,133,127,5,0.03125
83,7,3,1,28,28,91,95,1,0.00625
83,8,0,2,26,20,94,95,1,0.00625
83,9,1,2,19,32,121,123,2,0.0125
83,10,2,2,36,30,128,127,1,0.00625
83,11,3,2,23,22,92,93,2,0.0125
83,12,0,3,24,35,73,75,0,0.0
83,13,1,3,42,29,114,114,1,0.00625
83,14,2,3,28,23,101,101,1,0.00625
83,15,3,3,25,30,67,68,0,0.0
84,0,0,0,30,30,77,79,1,0.00625
84,1,1,0,32,33,105,106,1,0.00625
84,2,2,0,36,26,101,99,1,0.00625
84,3,3,0,22,22,66,64,2,0.0125
84,4,0,1,24,28,106,106,1,0.00625
84,5,1,1,37,35,141,142,1,0.00625
84,6,2,1,18,34,122,126,2,0.0125
84,7,3,1,35,25,98,98,1,0.00625
84,8,0,2,33,31,103,103,1,0.00625
84,9,1,2,33,30,138,138,5,0.03125
84,10,2,2,28,21,122,121,2,0.0125
84,11,3,2,29,31,96,94,3,0.01875
84,12,0,3,22,28,62,62,0,0.0
84,13,1,3,32,26,105,102,4,0.025
84,14,2,3,25,25,101,98,4,0.025
84,15,3,3,37,33,85,82,2,0.0125
85,0,0,0,34,27,76,75,2,0.0125
85,1,1,0,31,37,117,114,4,0.025
85,2,2,0,33,27,106,105,2,0.0125
85,3,3,0,31,29,74,75,1,0.00625
85,4,0,1,34,21,103,101,1,0.00625
85,5,1,1,38,33,148,145,4,0.025
85,6,2,1,23,34,128,128,3,0.01875
85,7,3,1,36,29,102,103,0,0.0
85,8,0,2,34,33,107,107,1,0.00625
85,9,1,2,33,36,150,152,2,0.0125
85,10,2,2,26,25,129,125,6,0.0375
85,11,3,2,33,42,115,117,2,0.0125
85,12,0,3,29,31,78,76,2,0.0125
85,13,1,3,37,31,121,122,3,0.01875
85,14,2,3,31,33,115,118,1,0.00625
85,15,3,3,32,32,82,83,1,0.00625
86,0,0,0,28,34,79,80,1,0.00625
86,1,1,0,30,29,103,107,1,0.00625
86,2,2,0,29,34,105,108,1,0.00625
86,3,3,0,28,32,69,69,2,0.0125
86,4,0,1,31,37,121,119,4,0.025
86,5,1,1,29,40,143,143,4,0.025
86,6,2,1,32,30,143,142,4,0.025
86,7,3,1,33,28,108,105,2,0.0125
86,8,0,2,30,44,117,116,3,0.01875
86,9,1,2,25,33,129,132,0,0.0
86,10,2,2,27,36,134,139,1,0.00625
86,11,3,2,34,24,112,111,1,0.00625
86,12,0,3,40,26,90,90,2,0.0125
86,13,1,3,32,35,123,123,4,0.025
86,14,2,3,37,26,120,115,7,0.04375
86,15,3,3,38,33,94,91,4,0.025
87,0,0,0,36,30,77,75,2,0.0125
87,1,1,0,32,29,111,106,4,0.025
87,2,2,0,32,35,111,107,5,0.03125
87,3,3,0,27,27,66,68,0,0.0
87,4,0,1,35,26,93,94,3,0.01875
87,5,1,1,28,32,141,141,3,0.01875
87,6,2,1,23,27,129,130,1,0.00625
87,7,3,1,26,37,97,97,1,0.00625
87,8,0,2,31,36,104,106,1,0.00625
87,9,1,2,27,29,152,151,1,0.00625
87,10,2,2,31,32,147,144,3,0.01875
87,11,3,2,37,36,108,110,1,0.00625
87,12,0,3,26,21,71,71,1,0.00625
87,13,1,3,24,34,117,117,3,0.01875
87,14,2,3,36,25,107,114,1,0.00625
87,15,3,3,27,29,73,77,0,0.0
88,0,0,0,31,29,76,76,2,0.0125
88,1,1,0,34,23,95,97,3,0.01875
88,2,2,0,23,35,93,95,2,0.0125
88,3,3,0,22,31,65,64,1,0.00625
88,4,0,1,30,32,100,104,0,0.0
88,5,1,1,29,27,126,125,5,0.03125
88,6,2,1,31,19,133,132,2,0.0125
88,7,3,1,32,32,105,105,1,0.00625
88,8,0,2,36,24,97,97,1,0.00625
88,9,1,2,24,33,125,118,7,0.04375
88,10,2,2,26,27,132,132,4,0.025
88,11,3,2,31,25,106,103,2,0.0125
88,12,0,3,22,30,60,61,1,0.00625
88,13,1,3,27,27,83,87,0,0.0
88,14,2,3,31,27,98,96,3,0.01875
88,15,3,3,26,27,70,70,0,0.0
89,0,0,0,27,32,73,74,1,0.00625
89,1,1,0,25,45,116,118,1,0.00625
89,2,2,0,33,35,114,115,2,0.0125
89,3,3,0,32,29,81,78,3,0.01875
89,4,0,1,35,35,118,114,2,0.0125
89,5,1,1,32,36,148,149,3,0.01875
89,6,2,1,27,35,141,142,2,0.0125
89,7,3,1,29,36,114,114,3,0.01875
89,8,0,2,29,35,114,113,1,0.00625
89,9,1,2,36,27,136,141,1,0.00625
89,10,2,2,36,31,139,137,4,0.025
89,11,3,2,30,25,100,102,2,0.0125
89,12,0,3,31,28,72,72,1,0.00625
89,13,1,3,32,24,97,94,2,0.0125
89,14,2,3,36,16,95,93,5,0.03125
89,15,3,3,29,28,71,70,1,0.00625
90,0,0,0,34,35,86,86,0,0.0
90,1,1,0,34,21,106,108,1,0.00625
90,2,2,0,29,28,107,106,3,0.01875
90,3,3,0,26,36,71,73,1,0.00625
90,4,0,1,25,31,109,109,3,0.01875
90,5,1,1,25,36,130,132,2,0.0125
90,6,2,1,32,38,152,151,3,0.01875
90,7,3,1,31,33,103,102,3,0.01875
90,8,0,2,27,34,111,111,1,0.00625
90,9,1,2,38,28,135,133,3,0.01875
90,10,2,2,29,28,142,144,3,0.01875
90,11,3,2,31,22,97,96,1,0.00625
90,12,0,3,27,31,82,80,1,0.00625
90,13,1,3,28,25,101,104,0,0.0
90,14,2,3,31,33,97,100,2,0.0125
90,15,3,3,25,22,58,57,2,0.0125
91,0,0,0,29,26,74,73,2,0.0125
91,1,1,0,36,25,99,97,2,0.0125
91,2,2,0,26,32,105,104,2,0.0125
91,3,3,0,29,29,71,71,2,0.0125
91,4,0,1,27,31,112,115,1,0.00625
91,5,1,1,33,25,131,133,1,0.00625
91,6,2,1,27,37,135,137,2,0.0125
91,7,3,1,25,17,86,87,2,0.0125
91,8,0,2,31,37,128,129,1,0.00625
91,9,1,2,28,31,135,138,2,0.0125
91,10,2,2,30,28,129,127,5,0.03125
91,11,3,2,28,34,104,104,2,0.0125
91,12,0,3,35,39,94,94,2,0.0125
91,13,1,3,31,28,106,102,2,0.0125
91,14,2,3,29,24,101,97,5,0.03125
91,15,3,3,37,35,85,83,4,0.025
92,0,0,0,25,35,72,75,0,0.0
92,1,1,0,22,24,86,86,1,0.00625
92,2,2,0,30,34,105,105,3,0.01875
92,3,3,0,31,31,75,73,2,0.0125
92,4,0,1,23,30,107,105,1,0.00625
92,5,1,1,27,20,116,114,2,0.0125
92,6,2,1,25,28,127,126,1,0.00625
92,7,3,1,35,29,101,101,2,0.0125
92,8,0,2,34,35,121,115,6,0.0375
92,9,1,2,29,33,139,133,6,0.0375
92,10,2,2,38,23,138,137,6,0.0375
92,11,3,2,33,27,102,100,5,0.03125
92,12,0,3,37,30,91,90,3,0.01875
92,13,1,3,22,24,111,112,3,0.01875
92,14,2,3,34,26,106,104,6,0.0375
92,15,3,3,36,24,73,75,3,0.01875
93,0,0,0,31,37,81,78,2,0.0125
93,1,1,0,26,27,94,95,1,0.00625
93,2,2,0,30,38,104,105,2,0.0125
93,3,3,0,22,31,64,66,1,0.00625
93,4,0,1,29,32,113,112,2,0.0125
93,5,1,1,28,25,130,128,1,0.00625
93,6,2,1,31,26,135,137,0,0.0
93,7,3,1,25,30,98,100,1,0.00625
93,8,0,2,28,36,112,116,2,0.0125
93,9,1,2,25,26,140,143,3,0.01875
93,10,2,2,31,21,145,148,3,0.01875
93,11,3,2,27,21,104,107,1,0.00625
93,12,0,3,28,25,76,79,0,0.0
93,13,1,3,23,41,116,116,1,0.00625
93,14,2,3,40,41,114,119,2,0.0125
93,15,3,3,27,32,70,73,0,0.0
94,0,0,0,31,38,84,84,3,0.01875
94,1,1,0,27,28,93,93,0,0.0
94,2,2,0,33,34,100,100,3,0.01875
94,3,3,0,27,31,71,71,2,0.0125
94,4,0,1,24,37,114,115,2,0.0125
94,5,1,1,30,32,126,126,4,0.025
94,6,2,1,39,21,137,135,3,0.01875
94,7,3,1,38,27,113,109,5,0.03125
94,8,0,2,29,24,109,110,1,0.00625
94,9,1,2,28,27,126,127,4,0.025
94,10,2,2,38,29,135,137,3,0.01875
94,11,3,2,27,22,94,95,0,0.0
94,12,0,3,35,41,84,84,0,0.0
94,13,1,3,27,24,90,89,2,0.0125
94,14,2,3,22,27,92,93,0,0.0
94,15,3,3,26,25,66,63,2,0.0125
95,0,0,0,29,22,62,62,1,0.00625
95,1,1,0,28,24,102,101,2,0.0125
95,2,2,0,29,33,110,109,2,0.0125
95,3,3,0,34,29,79,80,1,0.00625
95,4,0,1,29,32,99,98,2,0.0125
95,5,1,1,30,35,132,134,2,0.0125
95,6,2,1,23,22,115,113,4,0.025
95,7,3,1,33,30,101,103,1,0.00625
95,8,0,2,36,35,112,111,1,0.00625
95,9,1,2,26,31,136,134,3,0.01875
95,10,2,2,28,15,101,102,1,0.00625
95,11,3,2,22,31,102,102,0,0.0
95,12,0,3,33,32,83,84,0,0.0
95,13,1,3,29,34,117,120,0,0.0
95,14,2,3,25,17,90,87,3,0.01875
95,15,3,3,27,32,77,80,0,0.0
96,0,0,0,27,37,78,79,2,0.0125
96,1,1,0,33,35,108,108,2,0.0125
96,2,2,0,19,36,100,101,3,0.01875
96,3,3,0,32,36,80,78,1,0.00625
96,4,0,1,30,29,102,106,0,0.0
96,5,1,1,27,30,130,129,2,0.0125
96,6,2,1,24,30,131,133,1,0.00625
96,7,3,1,27,29,100,101,0,0.0
96,8,0,2,30,33,106,104,3,0.01875
96,9,1,2,27,35,132,134,3,0.01875
96,10,2,2,37,32,140,137,3,0.01875
96,11,3,2,32,24,99,99,0,0.0
96,12,0,3,30,21,65,61,2,0.0125
96,13,1,3,28,18,88,86,2,0.0125
96,14,2,3,29,26,93,93,4,0.025
96,15,3,3,32,24,70,70,0,0.0
97,0,0,0,31,33,70,69,1,0.00625
97,1,1,0,23,27,95,93,4,0.025
97,2,2,0,29,34,109,109,2,0.0125
97,3,3,0,36,22,73,73,2,0.0125
97,4,0,1,25,34,102,100,1,0.00625
97,5,1,1,25,24,128,130,1,0.00625
97,6,2,1,28,36,136,135,4,0.025
97,7,3,1,34,39,100,101,0,0.0
97,8,0,2,24,25,97,100,2,0.0125
97,9,1,2,26,35,133,133,3,0.01875
97,10,2,2,33,28,141,138,7,0.04375
97,11,3,2,31,24,91,90,1,0.00625
97,12,0,3,39,29,84,84,3,0.01875
97,13,1,3,17,23,99,101,0,0.0
97,14,2,3,34,29,109,108,4,0.025
97,15,3,3,30,17,63,60,2,0.0125
98,0,0,0,36,19,69,69,1,0.00625
98,1,1,0,31,26,100,101,2,0.0125
98,2,2,0,36,31,125,120,8,0.05
98,3,3,0,34,33,87,86,3,0.01875
98,4,0,1,26,19,86,85,1,0.00625
98,5,1,1,24,22,112,108,5,0.03125
98,6,2,1,23,32,139,138,3,0.01875
98,7,3,1,35,34,109,106,2,0.0125
98,8,0,2,27,36,100,99,3,0.01875
98,9,1,2,27,29,135,134,4,0.025
98,10,2,2,33,26,149,150,6,0.0375
98,11,3,2,36,39,110,107,3,0.01875
98,12,0,3,32,31,78,80,1,0.00625
98,13,1,3,33,36,113,109,3,0.01875
98,14,2,3,30,36,107,111,1,0.00625
98,15,3,3,35,26,72,73,1,0.00625
99,0,0,0,25,30,73,71,5,0.03125
99,1,1,0,31,35,108,105,6,0.0375
99,2,2,0,35,43,118,124,0,0.0
99,3,3,0,19,26,59,62,1,0.00625
99,4,0,1,30,32,106,105,3,0.01875
99,5,1,1,31,29,133,136,0,0.0
99,6,2,1,33,27,153,151,6,0.0375
99,7,3,1,29,23,92,95,0,0.0
99,8,0,2,29,37,114,113,2,0.0125
99,9,1,2,29,30,143,142,5,0.03125
99,10,2,2,31,35,144,145,5,0.03125
99,11,3,2,34,29,94,97,1,0.00625
99,12,0,3,24,33,77,79,0,0.0
99,13,1,3,34,26,113,117,0,0.0
99,14,2,3,30,39,124,121,2,0.0125
99,15,3,3,33,24,74,76,0,0.0
100,0,0,0,35,32,81,80,5,0.03125
100,1,1,0,28,28,113,118,1,0.00625
100,2,2,0,28,36,133,130,4,0.025
100,3,3,0,37,31,84,84,0,0.0
100,4,0,1,34,38,110,113,0,0.0
100,5,1,1,23,29,127,125,3,0.01875
100,6,2,1,29,33,137,142,0,0.0
100,7,3,1,27,28,92,91,2,0.0125
100,8,0,2,27,37,106,109,0,0.0
100,9,1,2,21,25,129,129,4,0.025
100,10,2,2,38,27,150,149,5,0.03125
100,11,3,2,32,25,104,98,6,0.0375
100,12,0,3,29,28,78,75,2,0.0125
100,13,1,3,28,30,112,107,4,0.025
100,14,2,3,32,25,107,109,1,0.00625
100,15,3,3,37,29,80,79,1,0.00625
101,0,0,0,29,24,69,72,3,0.01875
101,1,1,0,33,30,113,110,3,0.01875
101,2,2,0,26,35,108,109,3,0.01875
101,3,3,0,33,26,74,70,5,0.03125
101,4,0,1,29,31,100,99,0,0.0
101,5,1,1,30,26,143,137,9,0.05625
101,6,2,1,31,25,136,136,2,0.0125
101,7,3,1,25,28,84,85,1,0.00625
101,8,0,2,29,24,94,93,1,0.00625
101,9,1,2,20,33,133,137,0,0.0
101,10,2,2,31,32,144,146,3,0.01875
101,11,3,2,34,26,92,97,1,0.00625
101,12,0,3,29,26,67,67,2,0.0125
101,13,1,3,31,35,110,108,7,0.04375
101,14,2,3,39,42,124,122,4,0.025
101,15,3,3,31,32,77,75,2,0.0125
102,0,0,0,38,30,88,90,0,0.0
102,1,1,0,40,25,120,121,1,0.00625
102,2,2,0,34,25,115,111,5,0.03125
102,3,3,0,37,39,89,92,1,0.00625
102,4,0,1,29,29,99,94,4,0.025
102,5,1,1,33,26,125,130,5,0.03125
102,6,2,1,34,43,148,144,5,0.03125
102,7,3,1,25,31,109,109,1,0.00625
102,8,0,2,27,33,100,98,3,0.01875
102,9,1,2,26,40,139,135,4,0.025
102,10,2,2,29,39,135,136,4,0.025
102,11,3,2,33,28,100,99,2,0.0125
102,12,0,3,23,30,70,73,0,0.0
102,13,1,3,30,33,104,110,1,0.00625
102,14,2,3,22,15,87,90,2,0.0125
102,15,3,3,38,31,75,75,3,0.01875
103,0,0,0,32,29,77,77,1,0.00625
103,1,1,0,28,26,102,105,0,0.0
103,2,2,0,34,21,94,101,0,0.0
103,3,3,0,29,35,78,77,3,0.01875
103,4,0,1,26,29,97,103,0,0.0
103,5,1,1,29,27,133,134,5,0.03125
103,6,2,1,29,32,123,123,3,0.01875
103,7,3,1,25,37,107,103,5,0.03125
103,8,0,2,30,31,104,104,2,0.0125
103,9,1,2,28,30,142,145,2,0.0125
103,10,2,2,32,26,130,131,2,0.0125
103,11,3,2,30,24,105,104,3,0.01875
103,12,0,3,28,32,68,67,1,0.00625
103,13,1,3,22,36,97,98,1,0.00625
103,14,2,3,29,31,101,100,2,0.0125
103,15,3,3,30,26,76,77,2,0.0125
104,0,0,0,32,29,84,80,4,0.025
104,1,1,0,36,40,130,126,4,0.025
104,2,2,0,31,19,102,99,3,0.01875
104,3,3,0,26,32,72,74,1,0.00625
104,4,0,1,32,36,112,112,1,0.00625
104,5,1,1,29,27,141,141,3,0.01875
104,6,2,1,37,35,138,136,4,0.025
104,7,3,1,27,33,102,104,3,0.01875
104,8,0,2,28,26,98,98,3,0.01875
104,9,1,2,25,30,134,133,2,0.0125
104,10,2,2,25,23,121,121,1,0.00625
104,11,3,2,38,32,102,103,3,0.01875
104,12,0,3,29,24,70,70,0,0.0
104,13,1,3,32,29,108,105,3,0.01875
104,14,2,3,24,25,98,97,3,0.01875
104,15,3,3,27,26,69,68,2,0.0125
105,0,0,0,31,26,68,71,1,0.00625
105,1,1,0,35,38,107,109,2,0.0125
105,2,2,0,25,32,99,97,4,0.025
105,3,3,0,27,27,71,70,2,0.0125
105,4,0,1,38,29,112,112,1,0.00625
105,5,1,1,39,30,149,148,4,0.025
105,6,2,1,26,25,136,139,3,0.01875
105,7,3,1,33,37,119,117,3,0.01875
105,8,0,2,16,25,89,90,3,0.01875
105,9,1,2,27,26,111,111,2,0.0125
105,10,2,2,30,38,131,130,3,0.01875
105,11,3,2,28,25,96,96,1,0.00625
105,12,0,3,43,39,89,87,2,0.0125
105,13,1,3,22,22,92,92,3,0.01875
105,14,2,3,25,27,106,104,5,0.03125
105,15,3,3,30,32,75,76,1,0.00625
106,0,0,0,30,31,78,80,0,0.0
106,1,1,0,34,32,108,107,1,0.00625
106,2,2,0,34,22,103,105,2,0.0125
106,3,3,0,30,35,82,82,1,0.00625
106,4,0,1,23,30,101,97,4,0.025
106,5,1,1,29,35,137,140,2,0.0125
106,6,2,1,30,40,142,146,1,0.00625
106,7,3,1,33,23,102,105,1,0.00625
106,8,0,2,32,41,117,118,1,0.00625
106,9,1,2,29,35,146,146,3,0.01875
106,10,2,2,34,30,134,133,3,0.01875
106,11,3,2,32,27,100,98,3,0.01875
106,12,0,3,26,29,78,79,1,0.00625
106,13,1,3,32,29,115,117,1,0.00625
106,14,2,3,38,38,116,120,2,0.0125
106,15,3,3,30,31,77,77,1,0.00625
107,0,0,0,25,32,71,66,4,0.025
107,1,1,0,30,37,100,96,8,0.05
107,2,2,0,29,31,106,103,5,0.03125
107,3,3,0,33,24,73,75,0,0.0
107,4,0,1,32,31,102,106,1,0.00625
107,5,1,1,27,30,127,126,2,0.0125
107,6,2,1,34,26,146,141,6,0.0375
107,7,3,1,35,33,109,111,0,0.0
107,8,0,2,29,23,96,95,2,0.0125
107,9,1,2,28,23,122,123,1,0.00625
107,10,2,2,31,32,142,144,1,0.00625
107,11,3,2,29,24,98,103,0,0.0
107,12,0,3,18,29,68,70,0,0.0
107,13,1,3,31,23,102,100,2,0.0125
107,14,2,3,24,30,96,92,5,0.03125
107,15,3,3,34,38,75,75,2,0.0125
108,0,0,0,27,26,68,71,1,0.00625
108,1,1,0,26,20,91,93,5,0.03125
108,2,2,0,31,41,118,121,3,0.01875
108,3,3,0,32,22,67,67,0,0.0
108,4,0,1,27,43,117,115,2,0.0125
108,5,1,1,37,35,141,142,1,0.00625
108,6,2,1,31,19,139,139,5,0.03125
108,7,3,1,22,24,84,81,2,0.0125
108,8,0,2,29,31,105,103,3,0.01875
108,9,1,2,29,23,132,128,5,0.03125
108,10,2,2,39,39,153,150,5,0.03125
108,11,3,2,26,33,96,95,2,0.0125
108,12,0,3,34,25,77,76,1,0.00625
108,13,1,3,30,31,111,112,1,0.00625
108,14,2,3,27,36,112,111,5,0.03125
108,15,3,3,27,25,69,70,1,0.00625
109,0,0,0,33,26,68,65,5,0.03125
109,1,1,0,33,30,105,106,5,0.03125
109,2,2,0,28,33,102,102,2,0.0125
109,3,3,0,24,24,71,66,3,0.01875
109,4,0,1,31,22,90,92,0,0.0
109,5,1,1,32,21,131,131,1,0.00625
109,6,2,1,30,33,140,143,3,0.01875
109,7,3,1,31,28,112,110,4,0.025
109,8,0,2,25,26,88,90,2,0.0125
109,9,1,2,28,33,123,125,4,0.025
109,10,2,2,27,33,135,138,3,0.01875
109,11,3,2,28,32,111,109,3,0.01875
109,12,0,3,26,26,63,63,1,0.00625
109,13,1,3,30,31,101,100,3,0.01875
109,14,2,3,26,35,113,115,4,0.025
109,15,3,3,40,31,87,87,1,0.00625
110,0,0,0,38,30,81,80,6,0.0375
110,1,1,0,30,40,129,127,6,0.0375
110,2,2,0,38,23,116,113,5,0.03125
110,3,3,0,30,37,87,90,2,0.0125
110,4,0,1,32,21,99,95,4,0.025
110,5,1,1,27,29,148,148,2,0.0125
110,6,2,1,24,31,132,132,3,0.01875
110,7,3,1,28,30,113,114,4,0.025
110,8,0,2,29,30,93,94,1,0.00625
110,9,1,2,33,33,130,127,5,0.03125
110,10,2,2,29,30,130,131,2,0.0125
110,11,3,2,22,31,103,106,1,0.00625
110,12,0,3,26,30,73,71,2,0.0125
110,13,1,3,35,24,99,99,4,0.025
110,14,2,3,30,25,104,106,1,0.00625
110,15,3,3,24,29,71,72,0,0.0
111,0,0,0,36,23,73,77,1,0.00625
111,1,1,0,36,30,119,124,2,0.0125
111,2,2,0,27,31,116,119,3,0.01875
111,3,3,0,30,31,82,83,1,0.00625
111,4,0,1,30,32,98,99,4,0.025
111,5,1,1,26,32,136,134,4,0.025
111,6,2,1,28,30,131,128,4,0.025
111,7,3,1,31,34,108,108,2,0.0125
111,8,0,2,27,37,110,105,5,0.03125
111,9,1,2,37,32,143,147,3,0.01875
111,10,2,2,35,40,138,139,0,0.0
111,11,3,2,32,36,105,105,1,0.00625
111,12,0,3,31,29,77,78,1,0.00625
111,13,1,3,30,37,116,117,2,0.0125
111,14,2,3,30,35,113,115,0,0.0
111,15,3,3,31,21,73,71,1,0.00625
112,0,0,0,34,26,71,70,1,0.00625
112,1,1,0,24,30,102,100,3,0.01875
112,2,2,0,25,26,103,100,6,0.0375
112,3,3,0,41,35,88,87,1,0.00625
112,4,0,1,32,29,95,98,0,0.0
112,5,1,1,24,29,123,126,0,0.0
112,6,2,1,24,27,125,128,1,0.00625
112,7,3,1,32,39,108,108,1,0.00625
112,8,0,2,38,31,106,110,3,0.01875
112,9,1,2,30,32,138,138,2,0.0125
112,10,2,2,28,27,136,133,1,0.00625
112,11,3,2,29,36,110,109,1,0.00625
112,12,0,3,32,35,78,78,2,0.0125
112,13,1,3,26,29,102,102,1,0.00625
112,14,2,3,33,27,103,101,2,0.0125
112,15,3,3,34,32,81,81,1,0.00625
113,0,0,0,23,19,57,58,0,0.0
113,1,1,0,24,23,93,96,0,0.0
113,2,2,0,35,26,102,106,1,0.00625
113,3,3,0,31,23,68,68,2,0.0125
113,4,0,1,31,33,106,102,5,0.03125
113,5,1,1,44,47,164,158,6,0.0375
113,6,2,1,38,30,140,141,2,0.0125
113,7,3,1,26,37,99,100,2,0.0125
113,8,0,2,40,22,108,108,2,0.0125
113,9,1,2,34,35,152,150,3,0.01875
113,10,2,2,28,32,132,130,5,0.03125
113,11,3,2,29,31,100,99,2,0.0125
113,12,0,3,37,35,82,81,1,0.00625
113,13,1,3,22,29,98,95,5,0.03125
113,14,2,3,28,37,102,97,8,0.05
113,15,3,3,31,25,71,69,4,0.025
114,0,0,0,29,23,68,66,2,0.0125
114,1,1,0,32,33,114,109,4,0.025
114,2,2,0,35,26,111,110,3,0.01875
114,3,3,0,31,29,74,73,1,0.00625
114,4,0,1,32,24,91,92,4,0.025
114,5,1,1,26,28,146,150,4,0.025
114,6,2,1,29,28,137,136,1,0.00625
114,7,3,1,26,26,93,91,4,0.025
114,8,0,2,30,36,92,91,2,0.0125
114,9,1,2,28,28,134,135,3,0.01875
114,10,2,2,33,28,139,138,5,0.03125
114,11,3,2,33,21,98,95,3,0.01875
114,12,0,3,24,26,61,61,3,0.01875
114,13,1,3,33,28,101,98,8,0.05
114,14,2,3,25,29,90,91,5,0.03125
114,15,3,3,16,29,57,57,3,0.01875
115,0,0,0,28,31,73,76,0,0.0
115,1,1,0,29,35,107,112,0,0.0
115,2,2,0,30,32,108,108,3,0.01875
115,3,3,0,27,40,71,74,0,0.0
115,4,0,1,35,34,116,119,1,0.00625
115,5,1,1,35,37,150,151,3,0.01875
115,6,2,1,28,32,140,139,3,0.01875
115,7,3,1,37,28,110,111,3,0.01875
115,8,0,2,29,32,108,112,0,0.0
115,9,1,2,23,32,142,142,5,0.03125
115,10,2,2,34,35,146,150,1,0.00625
115,11,3,2,36,38,111,115,2,0.0125
115,12,0,3,39,32,87,87,2,0.0125
115,13,1,3,36,29,112,114,5,0.03125
115,14,2,3,24,31,97,97,5,0.03125
115,15,3,3,29,26,64,63,4,0.025
116,0,0,0,27,21,65,65,1,0.00625
116,1,1,0,27,30,98,97,1,0.00625
116,2,2,0,26,38,102,105,0,0.0
116,3,3,0,28,37,82,80,1,0.00625
116,4,0,1,38,27,108,103,4,0.025
116,5,1,1,26,28,135,135,2,0.0125
116,6,2,1,26,38,157,158,1,0.00625
116,7,3,1,35,30,123,124,2,0.0125
116,8,0,2,25,27,104,100,2,0.0125
116,9,1,2,34,22,134,134,4,0.025
116,10,2,2,32,33,145,144,3,0.01875
116,11,3,2,30,34,113,108,3,0.01875
116,12,0,3,36,35,83,83,3,0.01875
116,13,1,3,25,28,106,104,8,0.05
116,14,2,3,44,34,133,134,5,0.03125
116,15,3,3,45,34,90,91,3,0.01875
117,0,0,0,27,21,62,61,2,0.0125
117,1,1,0,24,39,100,99,2,0.0125
117,2,2,0,30,22,91,88,3,0.01875
117,3,3,0,24,36,68,69,0,0.0
117,4,0,1,36,34,106,106,4,0.025
117,5,1,1,27,30,145,143,4,0.025
117,6,2,1,32,22,128,124,6,0.0375
117,7,3,1,26,27,95,96,1,0.00625
117,8,0,2,34,24,103,101,4,0.025
117,9,1,2,33,40,147,148,4,0.025
117,10,2,2,28,33,128,129,2,0.0125
117,11,3,2,23,28,91,96,2,0.0125
117,12,0,3,33,36,79,80,1,0.00625
117,13,1,3,32,29,106,111,2,0.0125
117,14,2,3,32,30,103,108,0,0.0
117,15,3,3,23,28,66,70,0,0.0
118,0,0,0,36,36,84,85,1,0.00625
118,1,1,0,21,30,101,101,2,0.0125
118,2,2,0,22,27,97,100,0,0.0
118,3,3,0,30,40,87,87,1,0.00625
118,4,0,1,32,32,109,114,1,0.00625
118,5,1,1,25,23,130,132,1,0.00625
118,6,2,1,31,27,121,123,3,0.01875
118,7,3,1,30,25,102,100,1,0.00625
118,8,0,2,34,35,105,107,2,0.0125
118,9,1,2,31,34,130,133,1,0.00625
118,10,2,2,28,32,127,127,2,0.0125
118,11,3,2,25,34,99,101,0,0.0
118,12,0,3,24,24,65,66,1,0.00625
118,13,1,3,30,18,91,87,8,0.05
118,14,2,3,28,22,89,88,2,0.0125
118,15,3,3,23,28,64,63,0,0.0
119,0,0,0,29,28,77,76,1,0.00625
119,1,1,0,30,35,108,110,1,0.00625
119,2,2,0,34,26,103,102,1,0.00625
119,3,3,0,27,25,69,69,0,0.0
119,4,0,1,40,40,126,122,4,0.025
119,5,1,1,24,30,135,135,3,0.01875
119,6,2,1,23,32,132,133,3,0.01875
119,7,3,1,31,27,102,105,1,0.00625
119,8,0,2,34,29,122,120,5,0.03125
119,9,1,2,30,26,134,131,4,0.025
119,10,2,2,32,27,137,137,1,0.00625
119,11,3,2,28,21,105,103,1,0.00625
119,12,0,3,24,30,83,81,2,0.0125
119,13,1,3,25,27,94,97,5,0.03125
119,14,2,3,33,28,93,90,4,0.025
119,15,3,3,34,31,78,76,2,0.0125
120,0,0,0,32,27,69,69,2,0.0125
120,1,1,0,26,33,107,106,2,0.0125
120,2,2,0,28,28,102,102,1,0.00625
120,3,3,0,26,31,68,69,0,0.0
120,4,0,1,31,23,94,97,1,0.00625
120,5,1,1,34,23,139,141,1,0.00625
120,6,2,1,31,34,137,139,0,0.0
120,7,3,1,29,37,103,103,0,0.0
120,8,0,2,29,29,100,102,3,0.01875
120,9,1,2,30,36,140,141,1,0.00625
120,10,2,2,38,22,138,134,4,0.025
120,11,3,2,31,33,106,108,0,0.0
120,12,0,3,36,28,81,79,3,0.01875
120,13,1,3,29,33,117,118,3,0.01875
120,14,2,3,27,35,114,117,0,0.0
120,15,3,3,31,34,77,76,2,0.0125
121,0,0,0,21,34,67,69,0,0.0
121,1,1,0,32,24,99,100,0,0.0
121,2,2,0,30,29,99,99,1,0.00625
121,3,3,0,36,37,83,82,0,0.0
121,4,0,1,31,25,107,106,2,0.0125
121,5,1,1,30,28,133,127,6,0.0375
121,6,2,1,21,20,118,110,8,0.05
121,7,3,1,26,20,93,92,2,0.0125
121,8,0,2,32,37,119,119,3,0.01875
121,9,1,2,20,34,131,132,2,0.0125
121,10,2,2,30,32,131,131,4,0.025
121,11,3,2,27,24,97,97,0,0.0
121,12,0,3,32,35,91,91,2,0.0125
121,13,1,3,28,34,116,119,1,0.00625
121,14,2,3,36,25,110,110,1,0.00625
121,15,3,3,30,26,79,82,0,0.0
122,0,0,0,22,49,88,85,3,0.01875
122,1,1,0,35,24,103,101,3,0.01875
122,2,2,0,28,35,101,101,1,0.00625
122,3,3,0,29,32,73,72,2,0.0125
122,4,0,1,31,20,107,108,0,0.0
122,5,1,1,16,35,124,127,3,0.01875
122,6,2,1,30,21,124,129,2,0.0125
122,7,3,1,30,24,101,101,2,0.0125
122,8,0,2,33,28,107,107,3,0.01875
122,9,1,2,25,20,116,116,1,0.00625
122,10,2,2,35,36,137,137,5,0.03125
122,11,3,2,29,32,111,110,1,0.00625
122,12,0,3,30,33,70,75,0,0.0
122,13,1,3,32,27,105,98,6,0.0375
122,14,2,3,36,23,112,108,5,0.03125
122,15,3,3,33,30,79,79,1,0.00625
123,0,0,0,35,31,80,81,2,0.0125
123,1,1,0,32,30,111,108,4,0.025
123,2,2,0,33,35,112,114,0,0.0
123,3,3,0,35,23,77,77,2,0.0125
123,4,0,1,35,40,111,109,1,0.00625
123,5,1,1,26,34,131,132,2,0.0125
123,6,2,1,26,36,132,133,2,0.0125
123,7,3,1,23,43,100,98,3,0.01875
123,8,0,2,26,30,101,103,2,0.0125
123,9,1,2,34,32,141,139,3,0.01875
123,10,2,2,35,32,153,155,3,0.01875
123,11,3,2,31,21,103,103,0,0.0
123,12,0,3,33,32,84,83,1,0.00625
123,13,1,3,25,34,114,117,2,0.0125
123,14,2,3,43,31,121,123,3,0.01875
123,15,3,3,34,27,75,75,1,0.00625
124,0,0,0,35,31,86,85,3,0.01875
124,1,1,0,30,26,101,104,2,0.0125
124,2,2,0,22,35,109,106,2,0.0125
124,3,3,0,34,35,86,86,2,0.0125
124,4,0,1,35,28,113,114,1,0.00625
124,5,1,1,29,29,131,134,0,0.0
124,6,2,1,31,31,142,143,1,0.00625
124,7,3,1,35,31,118,120,1,0.00625
124,8,0,2,29,20,102,102,1,0.00625
124,9,1,2,30,29,129,129,3,0.01875
124,10,2,2,33,34,141,140,4,0.025
124,11,3,2,28,33,110,105,5,0.03125
124,12,0,3,34,37,94,89,5,0.03125
124,13,1,3,45,36,129,128,5,0.03125
124,14,2,3,31,26,113,114,2,0.0125
124,15,3,3,30,32,73,71,1,0.00625
125,0,0,0,30,31,79,80,1,0.00625
125,1,1,0,28,17,91,91,1,0.00625
125,2,2,0,34,33,111,111,3,0.01875
125,3,3,0,26,37,83,83,1,0.00625
125,4,0,1,32,41,113,113,2,0.0125
125,5,1,1,24,32,117,115,1,0.00625
125,6,2,1,27,28,127,128,1,0.00625
125,7,3,1,32,37,115,111,4,0.025
125,8,0,2,28,29,110,107,3,0.01875
125,9,1,2,33,30,134,134,3,0.01875
125,10,2,2,26,22,136,134,6,0.0375
125,11,3,2,41,23,114,115,2,0.0125
125,12,0,3,32,36,73,79,0,0.0
125,13,1,3,20,25,90,95,0,0.0
125,14,2,3,28,29,101,102,2,0.0125
125,15,3,3,28,37,77,80,0,0.0
126,0,0,0,28,39,79,79,1,0.00625
126,1,1,0,23,25,93,95,0,0.0
126,2,2,0,30,36,112,110,4,0.025
126,3,3,0,29,27,67,68,0,0.0
126,4,0,1,28,23,100,101,1,0.00625
126,5,1,1,29,39,129,129,1,0.00625
126,6,2,1,34,27,138,137,3,0.01875
126,7,3,1,29,38,106,109,0,0.0
126,8,0,2,31,30,105,105,5,0.03125
126,9,1,2,32,22,136,130,8,0.05
126,10,2,2,23,29,131,135,4,0.025
126,11,3,2,23,30,102,106,0,0.0
126,12,0,3,32,25,75,73,0,0.0
126,13,1,3,37,24,115,107,9,0.05625
126,14,2,3,31,32,118,115,4,0.025
126,15,3,3,39,31,87,84,1,0.00625
127,0,0,0,27,27,68,68,0,0.0
127,1,1,0,21,37,105,104,1,0.00625
127,2,2,0,26,32,98,98,1,0.00625
127,3,3,0,30,33,73,74,0,0.0
127,4,0,1,34,25,91,92,0,0.0
127,5,1,1,21,36,136,136,1,0.00625
127,6,2,1,37,23,120,122,1,0.00625
127,7,3,1,24,27,93,95,0,0.0
127,8,0,2,31,20,94,98,0,0.0
127,9,1,2,29,23,138,137,8,0.05
127,10,2,2,28,30,130,127,7,0.04375
127,11,3,2,38,30,109,105,5,0.03125
127,12,0,3,23,38,74,75,0,0.0
127,13,1,3,26,26,89,96,1,0.00625
127,14,2,3,32,24,95,97,2,0.0125
127,15,3,3,30,31,75,77,0,0.0
128,0,0,0,28,16,51,52,0,0.0
128,1,1,0,18,26,84,83,2,0.0125
128,2,2,0,25,23,85,86,4,0.025
128,3,3,0,22,27,64,63,0,0.0
128,4,0,1,22,19,78,78,1,0.00625
128,5,1,1,31,27,120,116,6,0.0375
128,6,2,1,27,26,120,120,0,0.0
128,7,3,1,27,32,102,101,1,0.00625
128,8,0,2,27,28,92,90,2,0.0125
128,9,1,2,28,31,122,128,2,0.0125
128,10,2,2,28,34,127,129,3,0.01875
128,11,3,2,30,30,96,99,1,0.00625
128,12,0,3,30,24,69,70,0,0.0
128,13,1,3,26,28,103,102,2,0.0125
128,14,2,3,28,27,105,107,1,0.00625
128,15,3,3,28,28,75,76,0,0.0
129,0,0,0,27,26,72,71,2,0.0125
129,1,1,0,27,36,107,107,2,0.0125
129,2,2,0,36,27,103,103,3,0.01875
129,3,3,0,23,28,69,64,6,0.0375
129,4,0,1,39,28,99,96,3,0.01875
129,5,1,1,29,26,138,139,2,0.0125
129,6,2,1,25,30,133,129,2,0.0125
129,7,3,1,32,37,108,103,6,0.0375
129,8,0,2,36,18,81,83,1,0.00625
129,9,1,2,27,42,146,146,3,0.01875
129,10,2,2,37,24,129,130,3,0.01875
129,11,3,2,17,22,91,89,4,0.025
129,12,0,3,29,22,61,59,1,0.00625
129,13,1,3,30,33,103,105,1,0.00625
129,14,2,3,26,27,96,91,6,0.0375
129,15,3,3,39,33,80,76,3,0.01875
130,0,0,0,33,40,86,87,1,0.00625
130,1,1,0,41,28,120,118,5,0.03125
130,2,2,0,30,26,105,103,4,0.025
130,3,3,0,40,39,84,87,2,0.0125
130,4,0,1,29,19,111,111,2,0.0125
130,5,1,1,33,40,158,158,3,0.01875
130,6,2,1,33,27,139,141,1,0.00625
130,7,3,1,29,36,112,116,2,0.0125
130,8,0,2,28,29,109,107,1,0.00625
130,9,1,2,29,31,135,138,0,0.0
130,10,2,2,25,28,125,127,1,0.00625
130,11,3,2,30,31,106,109,0,0.0
130,12,0,3,31,31,82,83,0,0.0
130,13,1,3,30,38,113,112,1,0.00625
130,14,2,3,35,37,107,108,4,0.025
130,15,3,3,23,27,71,72,2,0.0125
131,0,0,0,27,27,74,72,1,0.00625
131,1,1,0,27,27,104,105,2,0.0125
131,2,2,0,39,30,122,126,2,0.0125
131,3,3,0,34,32,85,85,2,0.0125
131,4,0,1,29,27,96,94,4,0.025
131,5,1,1,31,26,135,131,9,0.05625
131,6,2,1,31,30,160,155,5,0.03125
131,7,3,1,33,43,123,122,2,0.0125
131,8,0,2,32,38,103,106,0,0.0
131,9,1,2,30,31,123,122,3,0.01875
131,10,2,2,31,36,140,136,5,0.03125
131,11,3,2,30,37,113,111,3,0.01875
131,12,0,3,34,27,76,72,5,0.03125
131,13,1,3,31,20,90,88,3,0.01875
131,14,2,3,30,33,101,100,4,0.025
131,15,3,3,28,22,72,73,1,0.00625
132,0,0,0,31,26,73,75,1,0.00625
132,1,1,0,32,25,98,99,2,0.0125
132,2,2,0,36,37,115,112,5,0.03125
132,3,3,0,31,35,78,80,1,0.00625
132,4,0,1,16,29,93,96,1,0.00625
132,5,1,1,27,23,116,123,2,0.0125
132,6,2,1,35,29,139,145,2,0.0125
132,7,3,1,24,32,103,105,0,0.0
132,8,0,2,37,29,106,102,4,0.025
132,9,1,2,30,29,137,133,5,0.03125
132,10,2,2,24,30,127,130,2,0.0125
132,11,3,2,23,24,96,95,4,0.025
132,12,0,3,30,33,72,73,4,0.025
132,13,1,3,30,36,108,105,5,0.03125
132,14,2,3,27,26,97,100,2,0.0125
132,15,3,3,22,31,76,77,1,0.00625
133,0,0,0,30,24,75,76,0,0.0
133,1,1,0,29,28,103,102,2,0.0125
133,2,2,0,34,35,109,112,1,0.00625
133,3,3,0,36,28,74,74,0,0.0
133,4,0,1,30,34,101,104,0,0.0
133,5,1,1,32,26,123,123,1,0.00625
133,6,2,1,24,35,140,139,2,0.0125
133,7,3,1,32,27,99,98,1,0.00625
133,8,0,2,34,37,109,110,3,0.01875
133,9,1,2,31,36,139,138,6,0.0375
133,10,2,2,29,41,145,145,2,0.0125
133,11,3,2,28,28,108,105,4,0.025
133,12,0,3,31,30,80,79,4,0.025
133,13,1,3,42,28,122,123,5,0.03125
133,14,2,3,36,37,125,125,2,0.0125
133,15,3,3,37,34,87,87,0,0.0
134,0,0,0,31,29,74,71,1,0.00625
134,1,1,0,34,34,104,107,1,0.00625
134,2,2,0,31,34,100,100,1,0.00625
134,3,3,0,21,34,68,68,0,0.0
134,4,0,1,34,24,104,103,0,0.0
134,5,1,1,31,34,134,132,3,0.01875
134,6,2,1,26,31,127,128,1,0.00625
134,7,3,1,27,33,117,119,0,0.0
134,8,0,2,27,26,102,101,2,0.0125
134,9,1,2,35,28,141,144,3,0.01875
134,10,2,2,28,30,140,138,3,0.01875
134,11,3,2,34,34,128,130,3,0.01875
134,12,0,3,42,35,86,87,3,0.01875
134,13,1,3,28,32,120,122,2,0.0125
134,14,2,3,42,26,115,114,3,0.01875
134,15,3,3,25,43,90,91,0,0.0
135,0,0,0,33,22,63,61,3,0.01875
135,1,1,0,26,35,103,98,6,0.0375
135,2,2,0,33,29,103,103,2,0.0125
135,3,3,0,32,33,79,80,0,0.0
135,4,0,1,32,23,87,87,1,0.00625
135,5,1,1,31,32,138,137,5,0.03125
135,6,2,1,31,34,134,132,3,0.01875
135,7,3,1,22,30,105,102,3,0.01875
135,8,0,2,33,32,96,97,2,0.0125
135,9,1,2,27,25,132,136,1,0.00625
135,10,2,2,25,24,124,123,3,0.01875
135,11,3,2,31,17,104,107,2,0.0125
135,12,0,3,33,25,70,74,0,0.0
135,13,1,3,26,28,106,105,2,0.0125
135,14,2,3,27,31,103,103,3,0.01875
135,15,3,3,24,38,78,76,0,0.0
136,0,0,0,29,29,70,72,2,0.0125
136,1,1,0,28,36,108,110,2,0.0125
136,2,2,0,32,25,103,100,2,0.0125
136,3,3,0,28,36,79,79,0,0.0
136,4,0,1,28,26,97,95,1,0.00625
136,5,1,1,32,22,133,136,1,0.00625
136,6,2,1,26,39,127,127,3,0.01875
136,7,3,1,34,28,109,108,4,0.025
136,8,0,2,24,21,89,89,2,0.0125
136,9,1,2,25,36,134,134,0,0.0
136,10,2,2,31,27,126,129,2,0.0125
136,11,3,2,29,36,111,112,1,0.00625
136,12,0,3,30,25,72,72,0,0.0
136,13,1,3,36,34,111,114,1,0.00625
136,14,2,3,27,28,96,97,3,0.01875
136,15,3,3,27,26,71,70,2,0.0125
137,0,0,0,26,34,84,86,1,0.00625
137,1,1,0,32,24,107,108,2,0.0125
137,2,2,0,36,39,123,121,5,0.03125
137,3,3,0,35,23,75,73,2,0.0125
137,4,0,1,24,26,112,110,3,0.01875
137,5,1,1,31,23,130,127,2,0.0125
137,6,2,1,32,23,136,129,9,0.05625
137,7,3,1,32,34,100,101,1,0.00625
137,8,0,2,33,30,112,113,2,0.0125
137,9,1,2,25,22,129,129,0,0.0
137,10,2,2,25,19,121,122,0,0.0
137,11,3,2,36,41,114,109,4,0.025
137,12,0,3,24,45,83,82,0,0.0
137,13,1,3,29,39,103,104,1,0.00625
137,14,2,3,30,28,93,93,2,0.0125
137,15,3,3,28,22,67,69,0,0.0
138,0,0,0,29,29,71,69,1,0.00625
138,1,1,0,25,30,100,99,2,0.0125
138,2,2,0,30,28,102,105,3,0.01875
138,3,3,0,35,23,71,71,1,0.00625
138,4,0,1,21,32,101,101,5,0.03125
138,5,1,1,33,33,130,134,1,0.00625
138,6,2,1,24,26,115,123,1,0.00625
138,7,3,1,32,29,95,97,2,0.0125
138,8,0,2,27,32,103,101,3,0.01875
138,9,1,2,24,34,124,120,4,0.025
138,10,2,2,32,33,127,125,3,0.01875
138,11,3,2,28,28,91,95,0,0.0
138,12,0,3,34,29,80,79,1,0.00625
138,13,1,3,26,25,108,107,2,0.0125
138,14,2,3,36,28,113,111,4,0.025
138,15,3,3,38,26,76,73,3,0.01875
139,0,0,0,33,29,77,78,0,0.0
139,1,1,0,23,26,109,111,1,0.00625
139,2,2,0,31,39,115,116,2,0.0125
139,3,3,0,30,25,73,73,1,0.00625
139,4,0,1,26,29,94,97,0,0.0
139,5,1,1,31,32,138,136,3,0.01875
139,6,2,1,31,28,134,136,1,0.00625
139,7,3,1,24,30,97,98,0,0.0
139,8,0,2,36,33,109,109,3,0.01875
139,9,1,2,28,36,142,146,1,0.00625
139,10,2,2,28,32,137,134,4,0.025
139,11,3,2,20,27,86,86,1,0.00625
139,12,0,3,34,35,85,85,1,0.00625
139,13,1,3,34,29,121,119,4,0.025
139,14,2,3,29,34,116,115,4,0.025
139,15,3,3,34,28,73,73,3,0.01875
140,0,0,0,30,32,80,80,1,0.00625
140,1,1,0,31,30,105,105,0,0.0
140,2,2,0,32,35,100,102,0,0.0
140,3,3,0,25,33,71,69,2,0.0125
140,4,0,1,28,25,109,109,1,0.00625
140,5,1,1,23,29,130,131,0,0.0
140,6,2,1,30,22,123,122,1,0.00625
140,7,3,1,26,21,95,96,0,0.0
140,8,0,2,32,27,118,118,3,0.01875
140,9,1,2,25,37,141,136,4,0.025
140,10,2,2,35,17,126,127,3,0.01875
140,11,3,2,29,32,100,101,0,0.0
140,12,0,3,19,38,74,75,1,0.00625
140,13,1,3,32,25,97,101,0,0.0
140,14,2,3,35,25,97,100,3,0.01875
140,15,3,3,30,27,67,66,2,0.0125
141,0,0,0,34,28,79,80,1,0.00625
141,1,1,0,27,39,114,114,1,0.00625
141,2,2,0,24,27,105,105,1,0.00625
141,3,3,0,31,25,71,75,0,0.0
141,4,0,1,28,32,109,108,2,0.0125
141,5,1,1,29,31,137,135,4,0.025
141,6,2,1,24,39,136,132,4,0.025
141,7,3,1,29,31,104,101,1,0.00625
141,8,0,2,35,31,119,119,3,0.01875
141,9,1,2,26,23,133,132,6,0.0375
141,10,2,2,32,16,130,125,9,0.05625
141,11,3,2,37,32,112,110,3,0.01875
141,12,0,3,27,32,77,78,0,0.0
141,13,1,3,34,25,110,107,1,0.00625
141,14,2,3,25,29,112,112,3,0.01875
141,15,3,3,32,27,77,81,0,0.0
142,0,0,0,35,31,86,86,1,0.00625
142,1,1,0,25,24,102,101,3,0.01875
142,2,2,0,25,33,109,107,2,0.0125
142,3,3,0,31,31,78,77,0,0.0
142,4,0,1,33,35,120,120,2,0.0125
142,5,1,1,24,26,132,130,2,0.0125
142,6,2,1,32,36,145,144,5,0.03125
142,7,3,1,28,18,91,91,2,0.0125
142,8,0,2,27,31,116,117,2,0.0125
142,9,1,2,35,27,141,140,7,0.04375
142,10,2,2,27,26,140,147,2,0.0125
142,11,3,2,27,30,93,93,2,0.0125
142,12,0,3,30,38,91,89,1,0.00625
142,13,1,3,23,24,105,102,4,0.025
142,14,2,3,32,30,109,105,5,0.03125
142,15,3,3,37,27,67,68,0,0.0
143,0,0,0,22,22,56,57,0,0.0
143,1,1,0,22,29,98,100,1,0.00625
143,2,2,0,26,32,99,101,0,0.0
143,3,3,0,27,26,64,64,0,0.0
143,4,0,1,24,29,86,89,0,0.0
143,5,1,1,21,42,131,136,1,0.00625
143,6,2,1,26,22,113,118,0,0.0
143,7,3,1,25,35,102,103,1,0.00625
143,8,0,2,30,28,98,97,3,0.01875
143,9,1,2,27,28,151,150,7,0.04375
143,10,2,2,31,24,138,135,5,0.03125
143,11,3,2,36,34,115,115,3,0.01875
143,12,0,3,26,20,64,65,0,0.0
143,13,1,3,29,42,118,119,3,0.01875
143,14,2,3,37,32,125,124,6,0.0375
143,15,3,3,37,26,86,86,0,0.0
144,0,0,0,35,30,82,80,2,0.0125
144,1,1,0,29,24,99,96,3,0.01875
144,2,2,0,33,32,97,94,2,0.0125
144,3,3,0,23,21,59,59,1,0.00625
144,4,0,1,32,23,107,103,1,0.00625
144,5,1,1,32,25,131,126,4,0.025
144,6,2,1,26,29,122,123,0,0.0
144,7,3,1,27,20,81,83,0,0.0
144,8,0,2,32,28,121,120,3,0.01875
144,9,1,2,30,29,146,149,4,0.025
144,10,2,2,27,33,139,145,1,0.00625
144,11,3,2,32,28,89,91,1,0.00625
144,12,0,3,21,38,79,77,2,0.0125
144,13,1,3,33,37,98,102,0,0.0
144,14,2,3,18,33,83,91,0,0.0
144,15,3,3,34,15,57,53,2,0.0125
145,0,0,0,29,27,78,77,2,0.0125
145,1,1,0,29,36,111,113,1,0.00625
145,2,2,0,26,30,99,100,2,0.0125
145,3,3,0,35,33,79,78,2,0.0125
145,4,0,1,29,44,112,115,1,0.00625
145,5,1,1,32,37,143,143,5,0.03125
145,6,2,1,30,29,128,126,2,0.0125
145,7,3,1,28,32,101,99,0,0.0
145,8,0,2,26,31,96,100,1,0.00625
145,9,1,2,35,24,141,141,4,0.025
145,10,2,2,37,28,149,145,3,0.01875
145,11,3,2,32,32,114,114,0,0.0
145,12,0,3,43,29,88,89,2,0.0125
145,13,1,3,40,33,129,128,2,0.0125
145,14,2,3,29,30,117,114,3,0.01875
145,15,3,3,37,33,91,93,1,0.00625
146,0,0,0,22,34,73,75,0,0.0
146,1,1,0,28,30,96,98,0,0.0
146,2,2,0,28,26,97,97,3,0.01875
146,3,3,0,29,30,72,72,1,0.00625
146,4,0,1,32,30,109,106,3,0.01875
146,5,1,1,30,33,139,141,1,0.00625
146,6,2,1,28,30,139,139,0,0.0
146,7,3,1,30,23,99,95,5,0.03125
146,8,0,2,35,23,106,103,3,0.01875
146,9,1,2,36,24,135,137,2,0.0125
146,10,2,2,29,35,143,144,1,0.00625
146,11,3,2,32,35,108,107,1,0.00625
146,12,0,3,32,32,77,78,0,0.0
146,13,1,3,34,40,108,108,2,0.0125
146,14,2,3,33,42,118,114,5,0.03125
146,15,3,3,25,27,74,71,3,0.01875
147,0,0,0,38,22,78,77,2,0.0125
147,1,1,0,29,33,115,110,3,0.01875
147,2,2,0,33,27,90,89,4,0.025
147,3,3,0,22,27,64,62,3,0.01875
147,4,0,1,37,36,114,114,3,0.01875
147,5,1,1,33,29,147,147,4,0.025
147,6,2,1,30,26,125,123,3,0.01875
147,7,3,1,28,32,111,112,5,0.03125
147,8,0,2,28,19,99,101,1,0.00625
147,9,1,2,30,34,146,141,6,0.0375
147,10,2,2,32,22,129,130,3,0.01875
147,11,3,2,40,39,133,129,4,0.025
147,12,0,3,28,39,79,78,2,0.0125
147,13,1,3,25,28,110,110,1,0.00625
147,14,2,3,27,32,105,109,2,0.0125
147,15,3,3,33,35,81,83,3,0.01875
148,0,0,0,25,26,61,62,1,0.00625
148,1,1,0,25,31,96,98,1,0.00625
148,2,2,0,27,24,99,102,0,0.0
148,3,3,0,36,35,88,90,1,0.00625
148,4,0,1,34,25,98,99,1,0.00625
148,5,1,1,31,34,144,145,2,0.0125
148,6,2,1,30,29,132,132,5,0.03125
148,7,3,1,28,38,121,122,3,0.01875
148,8,0,2,28,27,96,93,5,0.03125
148,9,1,2,39,31,147,150,5,0.03125
148,10,2,2,30,34,140,139,2,0.0125
148,11,3,2,33,32,114,116,3,0.01875
148,12,0,3,32,30,74,75,0,0.0
148,13,1,3,37,35,119,117,4,0.025
148,14,2,3,32,29,115,118,0,0.0
148,15,3,3,27,37,84,86,1,0.00625
